0x0039a15beaf52f8cc816025106c5d2963004b729,2
0x0058f3dbc0f909c8c372ed77c5acff22fa6ae7d1,2
0x0065badf3eb1f376f328983a554227bfa4808e6d,2
0x00687b375430cb84a70b5c5e1adba641aef5d1f9,6
0x0088895573530c1b796e30f97045133a5f17e943,2
0x00b59cf1e4898ac4b6c25552aadb66ddc6b11658,2
0x00cd18098a7043658041b55f73521a5b2cc3db70,2
0x00e21fa5fde28de9217a112d35b51452fdc726e9,2
0x0136b00be94ed8ea798f40e37135596337305461,2
0x017686bcb7b13c32761b4686baf732e51bb8f225,2
0x01bcc0f78de9b5c365798466c0301550932ba786,2
0x01d0797aa4769076cdf74754d022fb757b459247,2
0x01d7156190d15636edba57d9194163735df30c0c,4
0x01f7e17d10b5d58e2e5c163aecf72fb9e18b36aa,20
0x02766d73ebe81bee413e17ae97d869295574c30e,2
0x0303d829d9b81d0939a974cb0c88ea27ab7129c9,2
0x03067ddec6bd26f0179c8106d3622b4466a56e8f,2
0x032ac348bb751177f110b2b50d418feb0f70adde,2
0x0386a4494d7a838c91fb228aae3b4f27aaaad58c,2
0x03e598ed9939a0fe457ba21d5a4d3bca66bf855b,2
0x03ecaa7dd3174335b03bb8b23df0aa0e3cb55a4a,2
0x03f66a25d5746e13a64295f7b57622155f9af9f8,12
0x040a8a9d0de5e541c636c91a110d0a73a834edee,2
0x040bd55a3db7988accdf2d043ad85a69c36c03f4,2
0x04131e8d773acf5641f1cd726285ae1a2b3ac3a1,2
0x04150bcd9ad7ad9f92b105a43f64c9db25e50795,2
0x04403ae69bd45bc687e294c2bd5d1a9f6677938a,2
0x0444ddbd1c497123e8949927d2aa269efdd28615,2
0x0445304fbbb13a10ab41c63541cb11b55fd78d55,2
0x04561e045b1a8ad3de91595d3e18ceb9f4a7e164,2
0x0456f7516c517956765f7953a3e2e43591417648,2
0x0474d08b638f38b1afb2bacac490f62fd693f243,2
0x04abd975f5697ae4f873ae6815e90e8c3c395c10,2
0x04b71a2d8971a2fd21f2bb7705f4fa5d3304e3b9,2
0x04d0d2ee99777f3f1ad29801435c820acb5e8432,2
0x04dcc8e0e45fe45e9f36ace0e8a98b8a9c578b8d,2
0x04e45dc9785cecd1a2ccfb40ad70ad70b3f10d45,2
0x052a2586762031134ff909996dc56f82bd75e1a0,2
0x053c1bd6410c1edcf59892718a6c34031f2df9fc,2
0x0553437097d58d5dc5584f4622f8bf756aebfbc5,2
0x056e5a0c292eb4d92da20d0b94b11361581e7baf,2
0x065042701868b149501a6603e5264fa3ed5be0f1,2
0x065ad45e6031d5ab33f1d69fd94e2b5dcc79eb06,2
0x06724fe0bedefc0a7287a68c1f1e5e48de05630e,2
0x070989361ff2e9e0a0d9aefc79621824cea21aab,2
0x0712bc30bf0f88c4651f2f43c169b9b0adc2c0d4,4
0x07180741906499347bd3035aa7ddf4b419d860fd,2
0x07806046f59debcc2f3de67fb0b793711051e44a,2
0x07ce3bb422a537693afd130259e5d3bd0dac7479,2
0x0804aa79a676d16ba93d3ea17ad1c51f2d300cc1,2
0x080cdeb53cb7f4e7d202a948287badc882e261da,2
0x08566941ed0410dfc5cdf038a4d3ecf813c69378,6
0x0864ef0b38b42783eadcc3295b8ea1eb771d3304,2
0x08aa7bf991ed588ed65f0a0debddffa909e7a26a,2
0x092fcf216095a4cb7ac616bd30b26c4141b39019,2
0x0980b7304e58723b05d8da4d51a38a5075bef63a,2
0x098ca151fc2e112459df0f5f88f85aafe605f0fb,2
0x09ac4fe95aba98490183d7a3128ed4d50ab81f49,2
0x09ad395a3d503cbe49567712c08682acc750ed41,2
0x09b4741706b7f2795b68247b5083a35fd52666f6,2
0x0a1a1569d5d1e69d2df790f9de59891fe6b59dd9,2
0x0a296d643c22747e201e6f5219757bfd32e94908,2
0x0a2972f9905ccb2df251d031ffebc293b0a13221,2
0x0a2b6654cfd4dc222606bf0c6bc59aec1857e590,2
0x0a61a28539a61dab7bb3a600b4d02e475ba1efdc,2
0x0a633935262518c8f4bdccce0aecffedbb1e88d7,2
0x0a9052a329f8b42423fadcdbda1855a862d4a0dd,2
0x0ac083a8a5b500c56109f5818b76261ed8ffc0d6,2
0x0ad331ad282108c2ad782d26823a3053948b08b6,2
0x0ae09622e62d54e81a47ddcbeafc28c22fb37cd9,2
0x0aee9fe13a9fc369e4af5edf31054273c88bc6ac,2
0x0b0474cb457cc972e926ae543e286525b8405c12,2
0x0b0c74c3311b61b2f0c1faf6f4ba729d2b38c8b4,2
0x0b4c005e1e083e503d7eba5f8ec45d05b09c4ee5,2
0x0b6f7cecb18c6ab6f5fe800e90b3573142d4ea46,2
0x0b9258f15b607ba9f0512b85b321c76f15cd1e06,2
0x0bc69c9fd691e736fde26571a1ff7e2f3a172923,2
0x0bcccf68fafe41b5494d7fe81ab018a2a2c06843,2
0x0bd70f8835f0ff490b43efc0ceb3e5f78b32a0cf,2
0x0c084bd3bdf372ab249c614e3aa209bb59600533,2
0x0c2517ffd4c90b024b475d7daea877f60be1ba14,2
0x0c7d841966696af4d1aff9a56424ab938626a443,2
0x0ca132e7eb553b30f46e550ac285a5b262d7a3b1,2
0x0cac63f1218ac8e96fe838bff92017ff3844b53a,2
0x0cba9558424d33fc9899f712e4d4d469ab85d21d,2
0x0cdd08ece2c261d2f31e239f0ef57d6cc34a8a9b,2
0x0d34a44f3c2d0e64d2992c3742ed53d7280e3597,2
0x0d546afb4bda5e60c4d31bde126cb3700ea8977a,8
0x0d68ce6bd88e1e7b1c6bad527dc6796723969534,2
0x0d8234f5965d63a9f3e5c548d2e57c4fa0a7045b,2
0x0da4f49ba5205893ad3d6ad9cb297f96e1d0f2a5,2
0x0dae5fcad0df8e5c029d76927582dfbdfd7eec79,2
0x0de4c43a637011e0f9dc1e9d52afafd13fdd1c95,2
0x0e12c52f45c3b1151a801baa25e9b138ed384d00,2
0x0e3f09210da059980567aafea82a4a71294aa059,2
0x0e8bb55f66b217ff744ce5ae0d78d8e50db5f7cd,2
0x0e9403033f542c095914b0c55bcaa8a7bd6b60c0,2
0x0eb6d54c9a1fc716a5bdc001eca30158e4e5d7b4,2
0x0eb72490a6000fc9ef015c739a40f1bbd238aa64,2
0x0f198b086c6f571ef90b7c6ee0e4ece1cc61337d,6
0x0fe300ae72ab6bdfa6b67d44b1c1dc4fa7b6e5a6,2
0x100ae0b8794d4fe25143de0b112dee99defe736a,6
0x101285c4a9ab6a188ba7ab6b8222d7bb7f44332b,2
0x10723dd5cfe887c1bbde139c77280a008c37692f,2
0x107250d1545be75cf1e6e782fa04beb66efb06ea,2
0x107d78b7e724b385eb2683737205e9ad8f326345,2
0x1087c6522d7dd3dd1750e9c6a622ed8ca5980189,2
0x10977aabad002ff9c805b30f417bbe79ca7e4ec1,2
0x10bb3f723f4ed0801a88d42533081ee1ac35714c,4
0x1154078b9d59eab06994e7d27f7f65dbc033ef3a,2
0x11b906a045a708906a490e56c8b8a7d3129549b3,2
0x11e0185434b499cac2cf77e0c3a96d6fc9578c14,2
0x120e4e2d1555ac114100172a48eff9655e67b4fc,2
0x122230b0d6a3932ed543e9bba08787c240b5af78,2
0x1228a857fd7ee845f4999f33540f6b9d0988e80d,2
0x1243fc90be258e7cdd5131bb7a78d80ef307d9c9,2
0x129220db58f33ae9e85a052b851ea8275436aa3e,2
0x12a801502e4767ff79ad3881227a8e46d983f3d8,2
0x12da68df0b3fecfd39f1dac942088466c0eef36b,2
0x12e6388e6a861ba54ac60fbfff4f0ed3921fee8d,2
0x130f994e85b9c81aa8aa63e25fc05ff27f16ef20,2
0x13b22a8a82ee219b8023a4fc73123e5173740711,2
0x13b26f95b5eab58bbaed97975a5525f4da4a7ccf,2
0x13b93ed0d1ad03576d01205e0225bff3fd01ef1d,2
0x13c9b8215e03f4554fd066468700bf6a496912bf,2
0x13d82229606ec426acc9a94f1f00d150e1cbd6b0,2
0x13d98284ea76365953aa22cffc032b333c97b9bb,2
0x13dd1d756a874ecf334b1b14b173e2a3331c405a,2
0x13f54bbe0c981776ff781f9bfe4c4591067991a3,2
0x13f9345a28e826c79b68c3ee5bc14a3db8e989c9,2
0x14359ac89eceaf99cb724521f353289005945470,2
0x14e4284144642aa8b681837eccaf60c3728087ad,2
0x1539aad26dda4ba7ca1fed2612104a63ca4f0fb1,2
0x1565f1e817c07a3d77084fb11f02a24d716d0899,2
0x15accbb2ee9c92f73b30c3bf72c39f626c4fa694,2
0x15c28f98b5cd04b967e2e5bd441d9f1e614aa137,2
0x166a24c5536cb39a088a632b440134315de5b159,2
0x1691cb39fb413a4995930a3c90e61e40b402613c,2
0x169668e534a728a8fcbafa206cf6df868348a7fe,2
0x16c5100cf9543c62f0f4943e434442790bc82783,2
0x16c54477bfb9cddc721fd9b94d53b0aae25451d6,2
0x16d4839462556808b330de09b2720be8f0967d90,2
0x16dea9c6065be49cb892634b495524d0953a2464,2
0x16fb7e0269cc51dee76454707341c14aef172909,2
0x17982d4224d781187617e01a4b7f4df7cbcf317b,2
0x17cbd516166720b8c75fe75235ed0218d9cfdfbe,2
0x17d6c18e703c1d7a19864b914aff49f53b06d0af,2
0x17d9652823c8c86549762319e4e8d4f428601be1,4
0x180e55c857ff5d2847e35498636c8000a5620a38,10
0x181d3fd7d94e9e688373770836af85c3fd16e360,2
0x181e939ab3dff1cdb1c611461b27db574bf55b6e,2
0x18814dec9ba1f39240acda78538c9866408acc71,2
0x1898e1ee4655858966a8036dc4801e50bdfa79f6,2
0x18daffb93902ee2c20e48b664bf3b11315eed69b,2
0x18fc46bfe8b633948a2775797c09386ad5b6c428,2
0x192386a8e2071af009c3e36f2623e62c3eed928d,2
0x1948b7bde1703f6c8e1e328dd6094e18ab050e37,2
0x195bd8acad454922b2cc78573286fb54be087161,2
0x19616921644b81de6ac869f1b0d2cada43ba6780,2
0x1969066ffde6ca334e94c4c072bb31dbbbf94e69,4
0x1981c969e48e2ac689020dcb00b4c3a007e2a46c,2
0x198e19c0821563d1dfe13eec92550d99732bb354,2
0x19a5e5961887858e179a75acfc6c0867ce6f6376,2
0x19b97b896c241fc39852b1bc0ede5364a5b011f7,2
0x19c1b72b924404c45d0e84dfb1f9b6c87f96a179,2
0x19e94b5c55c0e7bacc158de47dd1cf2b9a80577e,2
0x19fc1d3df70a570b41ee7e7c841f574d4ed6eeda,2
0x1a0a1d81d033ccb75d3c1eda9f878200b3e968a1,2
0x1a1c397945ad6d770e9ffb0a5538c598f72da828,2
0x1a2842d14b59c6eeafea82b0037451848b719f68,2
0x1a3e5b3996bd7edd67398102378cf390f90cbab1,2
0x1a560469d210e33be2370ef5a298dcfd32ab4c23,2
0x1a56586ddfb9e8ae44b22cf807464a4a05043f40,2
0x1a5eafa6b2939f861f13fe3d39371598812f2ec6,2
0x1a708f64a1bc537ffe636d0721f1371b01cc59be,2
0x1a8e50f629255c5a710b69e7c30fc45a07e8368c,2
0x1a9e641f4892dae628bfe2ae871a922779e39660,6
0x1add41d2e704e835b7269d677c09ec4d7ec56a5e,2
0x1aef913f0e3587ec48a74003417826e9af5c458c,2
0x1b1e22dac44abffe65056b56c462c7cc8bef06d6,2
0x1b66c6c91b7cf8015a354b01d6411a87161c1215,2
0x1be2ff4e0b72cbb32e83a7011d42af554f9e1bd7,2
0x1c07099f8373a78752d7a0c495dd51f5fa0a0a2c,2
0x1c2457b8959824c6c57a8128b2f88a3c566877f9,2
0x1c4d8ad286498e02725522988775f63fce93a883,2
0x1c826904d9c85e929ee9cbae8385de2c41abad51,2
0x1ccaf054cf2c0efd081568dfd87ce779ff509ca6,16
0x1cd5c81f65c568a8e73473784c34964e2412b421,2
0x1cef49a2d17f41aa584a9823fb3d936092dfab0a,2
0x1cfa559e7b6c472ad41589f535a8cb825cd4b26a,2
0x1d028d6ffefbc9ec660aa30385733415f20f78fd,2
0x1d2de60d16119b9248dfb13fb711507112c8c577,2
0x1d4dd22898a37a6b3efbef0218fa46b668ad49b8,2
0x1d5653a0b3d2be9325552d5d6837aa1f0fce0b9e,2
0x1d7282b55bcb7eeedb6af55c2b3d0343b0254c8f,2
0x1d9b4e8cddadba7323533d4495ed27cff8ae8831,4
0x1da399febc4d2ac3841f3dbbf1201078bb10520e,2
0x1da5da3fce4058ba694ecf63937495dba5dc667c,2
0x1dabda9a2071353fdf113208b4910b206dd008f7,6
0x1db97e59aeee26b205e0c9df68e047e98ef75da7,2
0x1dcbd93ad968d5ff6c4f4b3987415a6a84cb1775,2
0x1dd8141bf41c15a907413c26b50931cf45eef366,2
0x1ddaa39c09f362324a6cd52528a9092a3fbb4bd7,2
0x1e2905132d1461e740bce0a3f2adec6408fb631e,2
0x1ea2ead3d70db3819e70d8902a8670645b805cb4,2
0x1eb5fb14419598f80ecd048c1dd84224b0ad2fcb,2
0x1f32ac2159db8f71c09c32ca0c5b4d9a3dfe74cf,2
0x1f700588da5980005b1ff37f60b965ec5aadd11a,2
0x1f7b76430432cb2973c7f72fc74d4964bc279681,4
0x1f8b98db321ab2816b517bbeef905bb06473112c,2
0x1f8e6bd7f157e4f1aa5a4730e0ab434813acc0dd,2
0x1fa280408f06bbea1190a5ae81284f0648a20cc9,2
0x1fbb0324177bcda7b0f0c6ab4808a23d9120708a,2
0x1fc756fd86a8c4dd9773ad83e540da0267419846,2
0x1fd7c4cfae6d6d6301ae324ebce61fb3bc92801b,4
0x1fda16d5111f639d20ac78b31742b152729b421f,2
0x1fe0aa4515d842554939e593483204a472f98796,2
0x203345ec93738dbe7565b3fe8ce591ab9cfadefb,2
0x2044a493b6b09b9261cd2aa2ad081aa5da3f17ab,4
0x20486c223430459f0b2dbc1f74bfaafc241c28c6,2
0x204eb77b5cde36f33a7d4d485d48774badce8ff0,2
0x2060e51b5a5fd724cff259a8f94297d6d210a790,2
0x20aa554694c5955f3db094eb98117efd69a3d26d,2
0x20c5400355ddb630cf7516f67e750335528dfeeb,2
0x20fe1624f9e9bd912ffa57bb1760727dca0a3201,2
0x210c7cc20b39371120e4157b48dc7e3fe52ee5b9,2
0x21116c1ee3d766be50377c190056b2419946fc3e,6
0x2113e5c7c8954869ed7510242afd8e1b4e65b566,2
0x215aa6405c7037dc5b33fabfcdc7c92b88435ef4,2
0x21641979de54736732ced12fb9f12c6f9ae2b803,2
0x21ae3bf16a02200f0d2e28be7980a716b9e10b94,2
0x21beff297411ab21c889de96d354ddbde2f4ff28,2
0x21e810706bb120c270544066ab2a25eef0fb9c4f,2
0x21f64f6c5442ce8927095f61f9f4183e5baf9584,4
0x2200aa201d20fe4666da67a832207d0c9f9c35d4,2
0x2220dcd6617f428ccc90567a3416fffe149c69b5,2
0x222ee88cd124283234713e35c6ea9e4698cb9218,2
0x2235319e41cda4e2a712f3b6b27335e1d0e7078e,2
0x2267fd18538550c9ae63fa849723de038cb97a65,2
0x22bcb1b01b7de8dddc80a3d6e0f846d5db73099e,2
0x22ea79e362d47d9f081214758682eee9461783e9,2
0x23bdb6884e87384d954e97f71c3f4dd5ad842962,2
0x24387c3ef7ee8258d822a1af44d38b1f0c98e1f4,2
0x245f5d0bbd4bde22f241390a60e1d1268218e5bf,2
0x24fea70df0365cb59df687dc0ef724b3469ea9e1,2
0x256989f3f4dad58d34abd7ac0bd4af2b22aad5bc,2
0x258c70fd879f67d848ba50e36943b2706c0b298d,2
0x25d3beaa4963f7d7485765982474b1eaf96e0ac5,2
0x25d6b70e920a829d95aafc5c6eddeb9207ce51bb,18
0x26214ef34b6eac08b61c0cd8e7b150b50c3fc53e,2
0x26384f0bcfa3e4fc7e37ec920102da2cd7a13bb8,16
0x2694c4766e06d18710ffd7ff1a2a422f9af6173a,2
0x26b311ce7382e89fa85aa802e8deed9adaa5350f,2
0x26c1f2f525939cf15095651612d5b16b25855846,2
0x26cd7505f575d13dfb225710bcc4f662969a99a3,2
0x26e71ea32074f01c7c9dbd67a1ec92ae6a950d2b,2
0x26f6404d5d5708f7bc227176b53b29723fb8b8a3,2
0x270fbdafd5724c495e019319adff011876cdf74a,2
0x271033ef5dc4362740c98a1591428251d700aabe,2
0x2768f72ab0f3f9a37145d1cab4bb473f239e8b6e,2
0x27a5a704b3cd3bbbc9f3e190216eb59895e42013,14
0x27b15d26c196852f5f0a5d476b51176dd678c3d7,2
0x27d27576f5c1a28c3c7089f3c1d4b4acc25fb3ed,2
0x2803be9788cf53872d0257008397033b18acd979,2
0x281e3622edfaa95de273fc79ffbaaa940fd90867,2
0x282aaf724a559a0234f3b6a406eb6265d6e7ba9a,2
0x284978427f4c9d72716539a6a2600a7a02b06095,2
0x287a6d7c38d2fa3caf47a9e05275e0bed9028d2d,2
0x288609b7f61f7bf580b91dc4c0af35b28dfc463d,2
0x288b48b14f7a54cd0b5636a5386b0d93162ca058,2
0x28b89726e06b5881bd5d4aab35d6e3f84606bb99,2
0x28cfe6492d8e9da0555b998d06b2d174da4932e1,2
0x29233799279a15cdd5e0bad1d02585d182c8044f,2
0x292e4d6ab815f410819b4472100f08423be378b8,2
0x2935ba2637324c7cf46e7fa34660dfa94ab54ed2,2
0x29364cf3d570695bbf3d2ee6f77c74e898500623,2
0x2953f324521fa9fd2b5149cecadec14a824b45e7,6
0x296ebc2a7bf207e7b8d251ea41dcf9a464c813c3,2
0x297db5527640cd4cb719bf725a9232b8183cadbe,2
0x2999b71d05727c3a1db6eb92514eca899be8d1eb,2
0x2a655c1de78a4ea8907adc4455ddbac1130e9933,4
0x2a8c8f7b78be631e698d851d5d4ad0791e989438,2
0x2abbad7d93aa1382ae7aceaf049baa107cc69cae,2
0x2ae504a8eb8da4ef9cd022dc20d70ebbb04eb813,4
0x2b04103b3ced6c4d8fc085fe880c51705682eebc,2
0x2b10dc09ec742c35fbd4872fe2932fb9ec342fe1,2
0x2b20c98a964416ae72e9c9ed982a445dcef1c240,2
0x2b33969e260badc33c16b545c973b03ee3e0d7dd,2
0x2b47daef5f3051fcdaf61f5c839aab72e19d7838,2
0x2b51172939bef96e34a52ada1fd74872966c79cb,2
0x2b6af1ab9c05b665015f840745625e3621af8287,2
0x2b99e0c009290e3ecd70106634a902d8f3b3d6d6,2
0x2bc45d459b11ccc88be0cbda1a59b3df14761ba5,6
0x2bc9f668939001c355c114d5df65ec03000de873,2
0x2bdd445852fba4382dbc1c54678556bebcd6b1fa,2
0x2c3ed0211d5ea74ce3da545b7af217e4284ea030,2
0x2c45a206f3ba662c69e9ae9831b56f6242e2b16f,4
0x2c90d8d7a7f79a2098ab724d1b4104f19926bc9a,10
0x2ccc8b1868331ef6efbd4d469e10e35bad74b5ec,2
0x2d138ddd3de727015d36e2f8357dee3f5d92fbf6,2
0x2de2b20b8ede91b2551b98efbe98288ba9e273b9,2
0x2de31fcbd6cec2f7f97e89564155be60c02e8874,2
0x2df0151e498c479c78cecc9622488b11f31d960e,2
0x2df22951df921f28539cd49a4973fabd49723155,2
0x2dff3a4ad2d3ae3d96e981ecf0ce38fa8af32fda,2
0x2e110352cb14c1c3f126883778251b7e33fbcb03,2
0x2e2e495d6c145b45eeccf6a41bcb99d249fa3223,2
0x2e4ea71f39d2c9aeab5ff49c95d349d9a48118b3,2
0x2e7c260b8a0c1b5e1004d05d83edc10e800e5a4d,2
0x2e82124e9631edc3f63f8614a5c4cdb3ead38444,2
0x2ec827639de851c0faa787a8efa21ac95964700b,2
0x2ee8ff3dd71e6644ea444d3c91814c13c334dfae,2
0x2f1794d81eaa6c933a5786090787d05e579211c7,4
0x2f1bcb2356e79351f5676ed36285f1fd5adca5e9,2
0x2f6a7ed970448e4a1eacb988dfe50ef76c77cde3,2
0x2fa5dc10265b539533ceac13a69cc11074c452d3,2
0x2fb633b622126b9cf44a11289e47c5494d92fac3,2
0x2fc91865f0366b634736b21681065c0130539f5d,2
0x300b079efbba14ef40cacdb37ca2ff961ddc439a,2
0x302ec4b9e5a1baaac5bf439b8fcf037509733532,2
0x303e5e386d5a79a28d97e8aa098a2c178f83688f,2
0x30588d273931355c83e3a8851654aa366e0895b3,2
0x30d9057fb3ba68e0b25985b39fe5a5f13d95c5bb,2
0x30e20ec5d2439fb13aa905e7a20ee51350f4febf,2
0x3104bddf170139e0e47700a5a99b83aaf0e41d02,2
0x310b7404d1aaad1aff41897fd2dfc4f3378a1bb1,2
0x31109265a787ef9fbf997242e36e9d78e8a61999,2
0x3129e279e2a3a7105c8576e2573c61ab7f7fc1ff,2
0x3168ad7beed95c5f58356ca3c9aa961e57b1b48c,2
0x3170df62b9c8cdaae487ade87c2d82f87073864b,2
0x317c32ca0309bb8a1f9d8a3e2836544f233c841e,2
0x3197f1a9af622d16a86cc0c116ed8e6df53bc163,2
0x31a53e193b0dbb9da6f589b62985fc108ed859a4,2
0x31b2786143ecf3ee8b3fa2ebbfd1ed8f004bcf22,2
0x31b4d90684be8178c94e0519c579f23dc20da608,2
0x3200ad0135f523d0555c50fb1ef478347eb0f5be,2
0x3217f371e54851e26a30869df32579f98ac174a5,2
0x32632d007a4b572d352eaf75af23c42d6388ba63,2
0x329d832fc21e0e66d9a3981b1b3c67bbae71454f,2
0x32b0981698199e8260b040942cb267b33acea36c,2
0x32fdb0e48e122140202a0b90d5744e2a83216b40,2
0x3310fd13c6c55f054cc128439e1e51cd0cb16fed,2
0x332861f8a0584418fb886b99838e946fe502bd07,2
0x3338ed99a688e68486d2f6c5728bc4940acb1498,2
0x336b814aa5593a5b18a5c5793ea54df06a78bd64,2
0x337d4fa5aa05ccaff813d6b10c324ecf868172ff,2
0x339eb94baf7c55851e6028e6d8ad9545776efe47,2
0x33a774027994f37f7687bdf2de2fd51d30e6bb11,2
0x33ad097e179356e6be03cd070ad342fc6090c71c,2
0x340fc1863edd6e8f664cca9449abb4294db049c3,2
0x342c5b5e88313485d9e041db4fdfa8dfe26a4eec,2
0x3458872b902432245d1840e8cdde55e795ebd1a5,2
0x34709136789cc6d9672b59ad7f3ee87206b33344,2
0x34b2ac5e832f2c56162b5b5d1769e5cd361c0346,2
0x34b4a5e90428604de8e447360398f0f7847214eb,2
0x34fee623474a202143add25602f531be0fbe5458,2
0x35975fe8917463a163ee2a206e7418d28e0a31bd,2
0x35a4f6175aa4a68ac7211bca1c145811b3f519b3,2
0x35ae6a2ffddbf75b7fbfdb588452cbb40f9dc398,2
0x35b63a6cca6563fd3495d51f45aebecf0e1616cf,2
0x35fa50af5ab137e861dacd6aab5be2b5ad003607,2
0x3604db07f0a3c46a7437464297d3f13ae5d04f4f,10
0x3621431cfbfec6f25aad6869891c0c3645b1ad68,2
0x3640774ba9c854400de0a4edeaac09e0302f2519,2
0x36642c16d24de85ed6db539aacdf92cbe2964e50,2
0x36655b2676fc8f3d8f90d8e27aa38c708286a493,6
0x369ce93d8023c01d960cd0ce463870b98dec79da,2
0x3725d3b690f287b4fd63dd1c99db2645753176a2,2
0x372b6b5a64a34a53967cfe895f018fbc9468dc26,2
0x37784095e3a1e9dea4b97f04cc3d63e284d31fe6,2
0x37813ceaaac6f393a021d3c05059be9f3a2c2bb0,2
0x37854f3a061d8c806617810a595727586126a9fe,4
0x37a0e56957675cbb9470336da73cbe3ece79881a,2
0x37da1f81e82c24e3eaa9d064c5e476c8659445a5,2
0x37e615955ab89fa6b8b60c5978c94167d5bde75c,4
0x3856707cda19709e8c76f9b768279ec11f7119e7,2
0x38b8f8008cce8a43eb223d7971ddc0800b940886,2
0x392dc129d0ffe7d1ecdc79a73ce9e4b938d83709,2
0x3930cc28415587a44cb89546771aa6a92a2db9e2,2
0x394b9f09c4e0cf8138016bc4cea8d87011b2be5d,2
0x3980636b5554282ed57bfed5689249ade37d4fdf,2
0x399b0cfab5974a9d302ce1b3663311271d244058,2
0x39a3e7812f7d5851fc557c550e08fa75700941e1,2
0x39af26b36a220a0d5798733877dce192336eb733,2
0x39b8bdeef24cfd07ff0a351a6cfdb143ad332d56,2
0x39d75c9e25c92678207a91e1a0990c39d2ba766f,4
0x39dc0a1ea04bbf5f171c9c82974d3ac960c7f8a2,2
0x3a092523466d014715994305cfe0a057c4980359,2
0x3ad84571ddb2ba8a52ea722ad9e58ea5f6eca3ee,2
0x3adb91a604ce6d922f538dca605f49b77a0f4c81,2
0x3ae3b9372f39990c556ee348424745095fa02814,2
0x3af66eb9dc86e3cb812393fd94f18bebf08b13b3,2
0x3b31e29d0991e76f052cfbfa66dffe699e8fe0a8,2
0x3b415adbaa4e5bb7a2e9339523a78ec17b7ca27a,2
0x3b45d31d6820294ab8187a64313550e224faf0ad,4
0x3b57857d6b5901706228a92bda899c85ee7707cf,2
0x3b613c3f8a70de069cd23c41fc0da9dd1c55fd02,2
0x3b89eefb1d9252037cf67d0248ad9b342403f3f1,2
0x3b8d4aa39bfd921c5808957001f9a2c20df1cbed,2
0x3b9d2ca1cda3ed1be94dd1ac5fce5f37666a483d,2
0x3bb766ac41e009bac5325e883861829e540a037e,2
0x3be564ca43257a6695530782f20569223f56310a,2
0x3bed4fafee3d6acb5b7e3637ceac144e11281996,2
0x3c1ddd393857fe177a1208840217b3acdf94a549,2
0x3c2be06dac591f91c577dd5221fa099417613880,2
0x3c2d71b48832e682f539733cc286f08c34e4ef54,16
0x3c2ebb7c2c4ee839c12708c123d6a54f5fbb1562,2
0x3d4d46ec19d55d1ecd53a55fe669361376817084,2
0x3d5241b179e5776146c954b4e19113d921495fd0,14
0x3d663a4f09a00541ee7bb5094c8f56c7fa91a6e8,2
0x3d8de07bbb9f997bc418090eaad892ea9a5374c1,4
0x3dbc422bafe63d78901a83172f0ff9d5cb181406,2
0x3e0db8d7f6b3b14f1587b32b8d05d0af99abb72c,2
0x3e1156e1f5bfbdcf963883281fa87723a5ee1e51,2
0x3e16edb74738bf5cebe7064357eca0c5cca2ec24,2
0x3e473e65c324954a50ccda81ab7be1bfb5f39194,2
0x3e5d6d156dfeab4ae977f5d6a5bb555545274b33,2
0x3ecd856067eddb504f3bbe757b668900299f67d9,2
0x3ee7a2741442cf024ad185d6757aa830c8b31e9d,2
0x3f020d7127cdf0bc15a2e89fe6a1671510e4cf7e,2
0x3f05f7b1999540baf921a025d6b488077153d8d2,2
0x3f19a3adf05099173332ec7f69c930ca3c88683f,2
0x3f2adab919e971a02370ad33da950f23fa356b76,2
0x3f2e03387beeb6e366d7ed96c0592e42a1f2cdd6,2
0x3f4c51297b9a6b8ffa086fe6aa5c1da66207fc3e,2
0x3f5918bc4cf4894ea0a8d1d544aeff4f59f8c1a6,2
0x3f82cea9a4fa7ed4563195ba6317f6465ed1eef0,2
0x3f84e6fff3ba02e355b02c16e5dc7f0d796d97ac,2
0x3fe7fdc89384c972d6d83fb83f31d2bbc0d82394,2
0x3ffc143a07e18d5d173891342214fd14f547e9cd,2
0x403d8b20a1db31b1dd03f1f0dd5cd834fdcb9fd1,2
0x407c5d2f9dedff52ad38d6f113fef883318af06c,2
0x407f445eb0adeb5ad1fd6d37823266a5d8a4a617,4
0x4080c1678c1edc9e93aba69f586333af1dc7e0bc,2
0x40decc8a2821815feabbf6bb640d8ef044a0fff7,2
0x410409f9a435a5cee7699aa34b0bad799d89b562,2
0x414c87e029342433e2645699e7906f1e9b6cdbce,2
0x415fc4f0ce08f112dcdea1fcfaea5820814633e3,2
0x417487275239e0f6c5ac79f5d60135ecf118169b,4
0x41888954f7fc9da13f07b3f432bb34d18e60e5e2,2
0x41c80a61f28a0f334264bf04a7f6b7abbf73ebfa,2
0x41d41b73955d1dcda75894b0893f6be9a0356e8f,2
0x426a9382f9948764698715af3ba55cb4d573c78c,2
0x427b694c41698e2770638eaa6bf61d1113d21999,2
0x42a662b820e0c3a860fad43f34d92cdb4769cf8b,2
0x42b42da42fc0d922a2c3ab7976198c996fc5eff1,2
0x437c4c607b06369b468b033d8f16ffd417f43ae4,2
0x43900c316af39cd30126bfd23c69937e5631bd43,2
0x43b53aba36bf26a95aca0543b593615cd882ea09,2
0x43f24134f2afae3d92ce636dc3386bc6cb8d16f0,2
0x44048945e9449f30ea9f610b41bb7a2be90a4481,2
0x4429f74288a8d955b233c4e86bd5f6dd4f880bd5,2
0x44c9feda9ca635e5a8814a6e7270407e92ff19bb,2
0x44de738ca18b4a05f6e2fad28b51baab90bc17a0,2
0x4519a5973d718c184fe8823e95a3549b8b48a5be,2
0x4548c54e89e6fa43e5a6d467fc243fdb1dfd3f4d,2
0x45915331b29b55e73fa48862d89e0dd9be320942,2
0x45d7ea9f1d520ac0080f670e6c535eec937367f2,2
0x45e39b215c7f4890a4f8f9b35e5d963c61b97828,2
0x4632efb92b4c7b0e835adcd59be4d6683ee0313c,2
0x46570358d6202cb2c74c02e5722a65863787ddf0,2
0x46782b6788448dec2d5de8200c2d78edde86dfef,6
0x46d864297e8c0e9016311bb6339c45dc80bad609,2
0x4733a3f3d98c11f6e93be59038e2d24cfec93255,2
0x4751bc61a79dc325673a70d3b9a10900132fb50c,2
0x47a6d08d9472dd95b13a5657a43c9106be9b1551,2
0x47d228fb786bb14117625147f1055638f46b6893,2
0x4826df9399b89bf6d5cdcae48f183acabf318934,2
0x4827d6ec6ca1e56e83aa80e21abd91f59613b05b,2
0x48f371c7539253415d6edd534376d3863700aa39,2
0x492d818f545454d50f6e90bcc8b22692bdc22030,2
0x493da0cde8cbe456d096d296b88550a703939354,2
0x494967f9df8521d175b292f09bb9471b6304f769,2
0x4949eea26cfc9f57a5e3c803dc5749e1fd1011b8,2
0x49b4e909279af9f605471f1db28b720a93d2b0d7,2
0x49e8506921561d8d177d3a1669c1beac6d97d5cc,2
0x49faf1e25dd0c15234d715f5ade815ed97ca8598,2
0x4a33cebc2d819a422e7217c5cae804792f41f9e8,2
0x4a4f09f3e289c88c0c3710820b6fd4a044c6db6d,2
0x4a69df9cf7fec4ad960719c1c4e94809a353d28b,2
0x4ab476b699f67c243e03620faffcca642917db65,2
0x4ab7c42ba5bc1b4a32b8c5dd354ba3d1a25613cb,2
0x4abb2c5a3a28514898b1440dfd2d705530eec794,2
0x4b160d6e2d17b85ee99ad4b336cd2420cc282103,2
0x4b4c12dc652f6c28a9606f9e74f618f8d95eebd2,2
0x4b52ad066877867a162fab6be346ed5f92030a77,2
0x4b9c2390112e9487bc0bd709b0e63064de6abd22,2
0x4bb55a04e88af6ce0baea065f73f18076de6b07d,2
0x4c1d71c380b9fd030ace6ece46a8569fb8c75863,2
0x4c214ea49c0688358fdbb9e9b50c912084d6a0c6,2
0x4c29838628199cbcdc726dcfc2834c5854f841d0,2
0x4c3285612e79968a9f0e518e7bc34acc613ebb7b,2
0x4c563376f58f943a1a4ffb94f14dd73a96f30167,2
0x4cdfa0b91f81dab3da1605645dd385e19986aa2f,2
0x4cea0b9e396bdadf051bebb8187e8ab26d41a3d6,10
0x4cebce01318a2dc9fa00b4dbf7f91086a252ede5,2
0x4d0a8ea1c0a8d7b35e66b660ecf987a37727a923,2
0x4d2852e29b78fe5dfb3f98312bf80d8d85a6674b,8
0x4d3b23cf47440c709d9b37ae37366d3bc8b5889f,2
0x4d51c3ecab813396f938fdcbab36aadf53a6d5d0,2
0x4d80a8fdfa078f89ad4e872091adfc4ffddbbf25,18
0x4db2be4c40e5f13320601e9ddee365ae3704b0da,2
0x4dbc00792564ab1f11263c044f06a7c324f6dca8,2
0x4e01fa9823f5a3f15539ed8597b8955d5831df46,2
0x4e17c6b66b39b3b6a672f0e2cbb9f0bd20f71a6c,2
0x4e2fca803a6ef90ae65f400bfc1dcf8eef3faee1,2
0x4e2fdf615c83abee1be2464415416a8011deab59,2
0x4e77294c095ecf0c842eab844b9e53a2e24bb01d,2
0x4e9b4d9988ba647d53d44d2bcf794d06441bd655,2
0x4ea84a06f011495b99aa7202fdca60443107042f,2
0x4ed2df183ac530c67d3a312be130e0a38ad0b34b,2
0x4ee027ea4e2437f65f05578ea2de0a974938872f,2
0x4ef350148c799c468f1b838f8bff591cf18956ba,2
0x4f0de440a4039be1f2acc1414b35a2dd7dda0845,2
0x4f199d24ce2bba867caeffb9ec88d3859eba34c4,2
0x4f6b122529d5bcf8bba377d1f6a5a4db8ab005d2,2
0x4f85c1e271067e15d6cf94621510f547da3dc4c3,2
0x4f8a5f55ac8fa2a5e136975935b708fd9c1a41d8,2
0x4f918736084d11bce5a2f767f4c90b90ad3ad262,2
0x4f9fbf297d677fe05e9b85ba82b9a7b271c4b7f6,2
0x4fb818166399a06aa39627b6650439a35c0881b8,2
0x4fbfe3bd882d7561620c7f771ead3d27ecccca77,2
0x504675e2109a3e9b7b74d6269ed42d94cecd189c,2
0x507281e711126b45192821263552ad289d70ecfa,2
0x5081220b0595a522d9707d66ce72515aecc60c0e,2
0x513d659bdc2616f9410c1f2436974d390771d5e7,12
0x5140ceb53a00db80c3f094fb312fa91fa44faaf3,2
0x5156a23761d5f234dcc2faa617bde18639d3e8b8,2
0x5169d54cf04ee725ca92dd191b82aa2f4b33e6a9,2
0x5187c8c60ab59c27b81e116b64e280308740a85c,2
0x51a4ec173a20f1ff15832d221022d45e98981e03,2
0x51ab1523565de4ff3ea1b5b7d667f54d405b026e,2
0x51bf3b63bd445e25d5a00add7af3e6fcde43b0c3,2
0x52228e80a47cba170893019370879259304114b3,2
0x5223a750b91087366e43709661d3cd173e46374f,4
0x5243bde21b1bfa9bae695b3dd1e6346aed8d4a30,4
0x5273cb02776a14a42f3afabe5f1bfa9723dc905f,2
0x527ff876b037c1d4a1a8532364525f53f9170f9a,2
0x5280aea8f20f4b751a82e6985b92fe4910011f4c,2
0x52a911bc7ed9876a31a4891da72eb3c52cc7c4ab,2
0x52c588ceb791f755304ef4dbb2edd50abf6fb43a,8
0x5318c1852cb487d94169cc6cbf58b16fd1de0428,8
0x53314890b62273f75770bce5f2d6f1b6a7ed5cb7,2
0x535e8f397b683807c579824666a6ebdf69fbb325,4
0x537d461709985f180abdb566df102c1eb45e4bd1,2
0x538c9dd741a44779a93d36a1230b2fb1f2fd1bb4,2
0x539d9a0783e563775430988e79f71d0b5dcba5bb,2
0x53d98080a0c3a237ff02944110445e344b29dc4a,2
0x53f54c259b5bf0294f6130ebc2bc1ef7360fd8d1,2
0x53fa1285447f0e5c4123bafc889bc6e0a1edb476,2
0x54105ea638e900f80f3444a1562a92d1a29db1aa,2
0x545cf13877e30f596ea95a64aff9c4717d9ccb4d,18
0x548bf42b5ad0407405f597928b44af443681da69,6
0x55a2dd81f2fd2c65ab8f136f9936d4372682b8eb,2
0x55ad7acd50cc172694892cfcae730f504e73003a,2
0x55dfa5d0f601c6add882767c08f35d90c909d3bf,2
0x565952adebb0bb8666431033c7faba3d1e2b3539,2
0x568673a9bcd20a4dc15b004a0a70d9c197227b01,2
0x569a32228571e75c1e8fd185c206608d119c57ed,2
0x569e6e328bf235a929abfc6e9660658fd7d0e7e4,2
0x56bf3b2d4aaf320b0d701e3989f367340941356b,2
0x56e8ae6befcf670d5dfd90e40e2fad677295c2f0,2
0x56f2409f95abf1bb6f74746dcd75781b2805fd0f,2
0x572715c90ca4ecf22ca903a661309c335c792f64,2
0x577d116218fef8d59bb1cfa1b1615239029fb308,2
0x57cefd1605a8a017e33dcfd2f95361a8a91a6b32,2
0x583242bac1822bdae2080e44dae3e2a7c64c5142,2
0x58597bdf81a1f8240d7dd88790c0c570b8d1c681,4
0x585a09e56c6bd6fb5f94c71ff8326006cfb7218c,2
0x58bc5a60d0562b1aeaae37f9f9c090466f77860c,2
0x58e32726a3026e8dd15e49195839f5accfdba9b0,2
0x5939b452aa7d18f7f78bb157cdf672503d4dc096,2
0x59698a4538aeb41b080d531bda8657f583c8570a,2
0x596ac523a2f887d44ba69d3144a17b7def627af8,6
0x598ed77bc7fe9cf0620d8bf48b862e95ee26a870,2
0x59b0899e84d1f0c23960b3df42a062e5aca9a573,2
0x59cedb0e71a09c3cf75f967a8db3ba6e1287ed1d,2
0x5a12ebeb73f7b87787471a839b2f357e70fa4047,2
0x5a1401b2d9217ac733ced459ad1a48e1e4060c5e,2
0x5aa7b2b6b65f783a3839122ee347e691ba47c11a,2
0x5ab3c89ae825f54a3d25dead38619171efc773b5,2
0x5acf112ac519852de4be2ecc3e255f8798a3fc19,2
0x5ad02a039722c31dd0e56aab1ea9e332d1c560aa,2
0x5ad264fe5ae7912b5a9d0d424e17efcd85f19768,2
0x5ad3b62a5171f84b57dadff43f0fe96db7228468,2
0x5b15387951101e39f8438e2e1fca39f581a97ae4,2
0x5b27d5645f04cafcfc972438ad1029e277070ae4,2
0x5b4550102b6155319d26738b326f00756a750010,12
0x5b6f9acc4ff243cac42e4727e23b341b5d416f39,2
0x5b8ac3b58a2ad8fdc0acb35ba917a11606acfe19,2
0x5ba35d07feca20a0d38d25ac6f33a729e23c7276,2
0x5bb54750e52a687a20880aeb958d4fd428ad57be,2
0x5bb8d3ccd40905ef571eb456f56856250c3accfb,2
0x5bc3911beac22f1903fa8ea1d9126eb014e73cc8,4
0x5be152232b0c59fa88496b7d6b9093ebf91fbb3c,2
0x5c0455464a07f7c715e0b4428edfca51def5594e,2
0x5c22b364bca26c0e392734a889303e38733e249f,2
0x5c74bf9429429ee624623843f19e3ce689b93f7a,2
0x5cc46184d18a8cf6d20b1a6854d3265b595fd55b,2
0x5ccc56522c5b66c399e8c1924aaa8caf7e366f76,2
0x5cd5261cc7497d2b6d739f307c738091be6aee90,2
0x5cf26d60bba26cee13a30f0841fbf9b1a2c3839d,2
0x5d92bba6ef6be8c4c52f59df8183b22ce000e53b,2
0x5d9894b63fefc9325e6bfde504920c78afe1c292,2
0x5e113390ce429658107c9f65d74b72e756d194c2,2
0x5e1dae6e97be78d79a0c2a03ab359fc46880f8f4,2
0x5e3b90bff173192d6d53e64d96e7d4429578e608,2
0x5e6c992a6b4bbc7d2c74332ff91544d1ae35c7ce,2
0x5e84ee49af88b9b84ea8f0c1abbbc18237456a03,2
0x5ea3877a23bf82e12101d597bd1c7c12d7cab9a4,2
0x5f4d6c912a58caac81735f9c3715131c86255926,2
0x5f6ee3220f70cfa2fe974aaa8fea15305ed62e7a,4
0x5fb7e645fafa08a5dcdafbdfaccab5b9a2807d41,2
0x5ff19aefe1f78259740284056b09b69fc9b8aaa1,2
0x603bddc4d7fe9681dcfbbdbd99c0b152d684ba45,2
0x603e347d273fdf9e99d89c310524ed7e075f669d,2
0x609ac9abeb67ff07139923d63200a26eda84b778,2
0x60b561fc6c88fa1b0670c9618d896438463821f3,2
0x60e68a43e7951baee9a6a2acac3e5134c31932a3,2
0x61054cff1f138c235a04cdde7b725bdc7555f499,2
0x610e05810dfcddc03ea79e497aa741a45e5814be,2
0x612ca623e264782e3eae3e6efd589c2ff5a2b51c,2
0x615a1093160a18cef8987990b2e5c0289e56a27e,2
0x61a5549d05a275a1b32b81488ee7d215b706c989,2
0x61b8ec618a7e5d5909cd15ada7428dffa0e43a60,2
0x6217a26393c80f7f7e05c706397870bbb87b904f,2
0x624310638b9901933fab5f5b0deb2b33e13c87cc,2
0x624ac37dc2627454024b00f12d2538d6b837eef6,4
0x6250a9ab986ef397a89ca978b958a4857443203e,2
0x626178bedf7aac1fa3068df0b64c1b9cc9c00952,2
0x62abf1440a376c2a2b7c84e65b04d355322daaeb,2
0x630a30400c276a8b544b4fd662461ab88b3977b8,2
0x635a10bc282c9ceed755d185809f753daa086bf3,2
0x637d25d0769f747b2742a04d249802da85395970,2
0x63be5f805f534949cc77ecddfb915e7849e38e30,2
0x63c636f17d8424394ae6712f8540b94bec8d2192,2
0x641020a2067fac368bc90daeaa255a80c087c0de,2
0x64304dba58c45decf07f066f2988e0fa296ad5ef,2
0x6434f5faeeff9256de96a372487839b0dde469ec,2
0x645bbf6f6b6197c98874e1696d399e26ee40f431,2
0x6483c8475d9a31c2fe0bd49341c3120d5714ebc0,2
0x64a18349b11f3cedff42c80733013f7f409e2aee,2
0x64f23177e3629538e1bc0aa553b65f533c1d948d,2
0x64fa4f3489401289e23e41e2a5aa7cded1e46d5b,2
0x6590fe9875460136e04bcaa759ffab771595d3b2,2
0x65f87b69660d7ccb9afb91149e817d5e1a988d82,2
0x660eada646e99917b9d66733d565019ec3498422,2
0x66652cdff8289cd430e5cfbd88a4c6d6004b19fe,4
0x666cb86ded406234d940f01bdad2d27e313247c5,10
0x66919e2d63dc630328f0108182e087b06fe3f9fe,4
0x66b0ddc83042ad3954ab2ba448d42d2fcaf311e5,2
0x66dee9bb08d5736c6033f2fe60cec0a1b9032868,2
0x66e49a90d59f9dc7c70f5f676c7f3d4112742fb8,2
0x66ee17341fec067208c118fe8a249af5de78665e,2
0x66f1274ad5d042b7571c2efa943370dbcd3459ab,2
0x67569766a4d34e4b33f82f51a7b63de1bf81f6dc,2
0x6767e9cb6762b840b96322f8ef211a24e71cba7a,2
0x678a2fc326dee5d986c48ee75992f784ab3a561c,2
0x6851d1dd95795f34c420b6c50740bc55ea1feae2,2
0x68647dda6e001b620d36a6472e975f6405262c7f,2
0x686d2fbe355848d79232d1dd19f814b3230f2dc9,2
0x686fdb160a23927ed9c39e59cd14a24c064b5664,2
0x6897c8786426d9a38758db252971ef96b2d0884d,2
0x6915a6bc4119c3270597ab40aa2ebff16046a464,2
0x692389c704024feea26449a8fad50fd87e3159e2,2
0x693c4d8d8ac78ea141678f994596a2562e1ae156,2
0x69bbf167395a7087381ea53d15554b5619afa6b4,2
0x69f58fb45425547d1dbce386ab74129dc92898e0,2
0x6a4084e3fed2f872ccafbde740b2eeb6ada36e4a,2
0x6aa83235bec3a7af70f31cf19c0fec5a470eda9a,2
0x6ad95536eb7c279f820e1b75f7a5668b8f26ade8,2
0x6ae1ad3b3cc8a1f873598977fa26b2c881d7b6f8,12
0x6b61cd47b4563a2016caa8d8b09e95d4f3296e50,4
0x6b64c16bfb518855d1c6bb7a92487dbd9cc13b45,2
0x6b6fb84e20f69df44bb4f0db8bafb18dc08f0efc,2
0x6b8efc37ab0dfd0311e134035e0fb51b18384edb,2
0x6bc2eb2fe6321a306eb1646072d485bfa48e4973,2
0x6bdcea88da2d7522f676a791159233d9e5386bb3,2
0x6be36723847fcf340e9117a966cce0023ee2c878,2
0x6be922c55c5e094cfd06ee5d2f897750a1eb5a82,2
0x6bf43c62af922b8c9d792fe437de4fbf066a72b0,2
0x6c43cc68990e4f55f1ea3ab4ca8130decb4de30e,2
0x6c7184274bdd853023eb8e6a89242dcaefdcb922,2
0x6c889a40cc7111c7becc927b37ccf2c5f040e37b,2
0x6c88ddd6d6650947fa949219e5403485620c16d7,2
0x6ccbe0cea9d57d761fe95295df9d91247a1319a7,2
0x6cfe8048025fd03f0e8417342c9f4b8e32c13f57,2
0x6d0ba1e202546df69ec656e2fa99383fa2c2295e,2
0x6d36f2febcfb46c71d09878482cbb4e303d72708,2
0x6d5618388dc917134abbdcad7ae4071af9cb5a7d,2
0x6d5c3c93735c888159548c50aa0ff86d0e09342a,2
0x6d6a605bcc6d81d0dbbc3fb124d0d89faf9bf311,2
0x6dc3120ed771d18682d7e90d30311fa2a1069bb8,2
0x6e1dbab88c697700addb34ceb29059e8b8dd3175,2
0x6e2d1417a489d1022ba76b3202c085007b2d1a37,2
0x6e2f21a3274a5e84753bb0ac1c5d3a9750406b6d,2
0x6e573fddef5571f9d045f5ecc3dfb0bb3fd18d74,4
0x6e9edb7154bd2e69acc59b9418672b1eb8b05128,2
0x6e9f25811b16eba93cad871732bab345388c5209,2
0x6ea72086bcabfe77440a59e43a0f94686a1a3bb3,2
0x6ecf49d58fffc17f08ee931a007bb7d11aa168de,2
0x6ee11359b1b09bb9879b96ec83834cb30f7d49b5,2
0x6eead3306e07cc27ccd81f7737189df36b6b719d,2
0x6ef46bf42074d15b192eb3521d44af8c7c6b530d,2
0x6f27cfc2ef16ca70c56a0451bf7cd0e1b79c0dc8,2
0x6f47ba0f8af537f77fc1ebb7c4fd1b11b809966a,2
0x6f5845454a5f38017fe01dfab1d5e9dea8e77801,4
0x6f7869eeb149b6735c1cca6d74756cca95784f61,2
0x6f90f54ebe8684ca32471044a4bcf6b31f312566,2
0x6f967b15f57ef585db0971662c2ddf57723a4dca,2
0x702a5a73a3bda9f58b75ff04a7578618433765f7,2
0x703b7630033b4264d42f48e21d223aed1b743377,2
0x7057e393da43b63f03534252313b4aebfd5b2c1d,2
0x709eb29f076699f75db1de286a46520334d63ef5,2
0x71114f0146d299bceaba41e1892d94fb6340bfe8,2
0x7141730ae18ec4aa9e0a5b410c26fcced9d6a521,2
0x7179af787589857ba680b5ea391acda4dada7f9a,2
0x71b634183bd45a04997275b98349d0f697e8bae3,2
0x71b827d42b0da4469b34bc617809bf2a7306627c,2
0x71cc2f12e68fba280aab090332186c465fe0571c,2
0x71e5169d5d9b4c0665250e1032bc490d98bbe81c,2
0x71ea10b1db141fd467de8c03954d417c25812e98,2
0x71eec6dbd1ee9ece776d3d6c44863a71a0016a4d,2
0x721e02fbe66c1ede165ac3abb335419fc3f374ef,2
0x722897bdf6060bac8b3ea26ee8c541589f0b3977,2
0x727776816da5c7e80bd446e6477f5b92da3158a4,2
0x727f63ee23602e4ddb415a2621c1e6a794a2095f,2
0x72c3f77b053febcfaa6cf09ff53b77795e5b4145,2
0x72d5119e02fa3cb907922c8ea3de35f314bbd38c,2
0x731a2556891120d2967c7cf9b1392d78a86811ca,2
0x7323d27ff45615fbe205014914fa50d77e678955,2
0x7339d318832364bba04ea5a84410982c430dfa83,2
0x73525bb0da5f6db0119d92e7533d396e60e42884,2
0x73aeac96ca7147c5392c42de7fc0c97ba7dd6d87,2
0x73d4d505e5bb7322cc8bd8b6da569828534aa367,2
0x73e6324ee10fddc38e6f8b21a2aecdf326621ee0,2
0x73f001d5cb80060d590ff410b11e84c411917a90,2
0x7402c66b8d9fc2d4500736159a02fd1d3a14181d,2
0x741571bdb75ba57375629caf2a49e20d5d9b093a,2
0x7420732dcd19d23d82008ebefe0053cdf2a1291f,2
0x74221140f92a55542e5b6e67cd5e9e46d6a5b8a7,2
0x746e9590dc4a1b2590d4807cbc353203fb3393f7,2
0x74704121ad321bd8c519c155ab4edcdd298c1166,2
0x74790145ad7d098b0bbe73dfeb8a911b331b3931,2
0x748ceba4374e0b5db3b6f544ad8b2a728940846d,2
0x74bf20a7bfaeed8667c50e8b0d3368b3f80abde1,2
0x74e459e5c7473d8c0bb2f3a4badace87a085e687,2
0x74f5ea54f7547d58289e47d80ee539f0f6c0ac1b,2
0x75153464c12dbfab389972e1a62a57ae19affca1,2
0x753f840257eeeae73b7c156667e5aad2e0a01f6d,2
0x75462a1041ef175754317c2a03cf12a351e63bc6,2
0x754a4f2c2c12a8e49634a2e7c2aecddde790ad76,2
0x75654d52be05a3ed8915016c1d033fa25ad4f9e9,2
0x75709094d28ef72f180945d3dfdfba9bd01f384f,2
0x75932b0d7e74c68c01d087a030b54ec22120e1ac,2
0x75c4c5ed522454f1b0cd899d77fca9b5336dbabb,2
0x7607fb8ed65c2da61ea62b555c66a52d22e03ba7,2
0x76481c2adee97f37d332b407f3c89b71666effcf,2
0x76603aabf16a79e8952f0a1170a9f69c9bff1e60,2
0x769cf1b1f422c70968ec6b90f1e482e527c3235f,2
0x76a6e9e91e03ba26ce6130eb4cd08f71b745ddcd,2
0x76c1c6d4248c79ffadaff0f53877a412b4ffd7fc,2
0x7731396aee82849d0824162e634422ee7144507d,2
0x777a083b510023f37417209b8f9d8e23fd4a3ba3,6
0x77b41c3f7a58db00afd14f0d80af505b678ea111,4
0x77b4299cb4e0feb1cbb8d372b4c1c43ec19d25bb,2
0x77dad85aa761e30146052908a17e8ad6bcdbc853,2
0x78207ab3ad8f6e0430b5457671eb05b09857782a,2
0x787c32bd8da78ab1143ad9e8d8ba81901ca622f8,2
0x7881662e7e775fc60a326f0f1c26400864fad1de,2
0x78a85dd9b693745173b77df8e7ceb1e47cfc4c1d,2
0x78ac3bb69c0d3000de0f4ee0ee907c60d502aa57,4
0x790d7ff1555b9b951aef8c59728aefe2a326dea0,2
0x791613b60d53b0cef616f048f96b41245f3e1fc0,2
0x79382debefc667f015d86fb2a2a5197c00785c78,2
0x79b674980154e579f194feda61cfb6c1dd789359,2
0x79b766fe75a209dd9392a6c58f30bd621dcbd5e9,2
0x79b8e42e5e30cdd013d117142ec54c575ca0402f,2
0x79c5ab5a774d1133cb5c8fe949f49521829e02d9,2
0x7a16d97773d27da30a77021e04cdb91d228be7f2,2
0x7a1a86910f2f0be5c043524ddffffc18d4e0728d,2
0x7a55685ed38210ff7ba54e2c79ef2ee09b73ab1e,2
0x7ab324e8b9881fefe2188e8c2ffe4fc532beca46,2
0x7ab60415a6712d15dca1e08e9b72a56b8cc97c77,2
0x7ab977f469496930f43c7918022a0915f0bd9de4,2
0x7b00a75d376f6fe0abaa5f0408d723d74fc02f44,2
0x7b154238b25f5f3a18f9265af78b98f0fb0ce8bb,2
0x7b20c88b3b0fbfff62d6e4c368c9a3eccdbc8c12,2
0x7b42e9ff08a5125398ededb1347c6d7569820cc8,2
0x7b43d57e30ee2615a7756331db6850935aafa607,2
0x7c3eb9db8bbf382dc27c4659f352c1da62d31d32,2
0x7c54426dbb39c75e5d8ef5a7b50dbaf3f1e5416f,2
0x7cb2f06e01697f56a38e0da8b9df5ab1d714fa4e,2
0x7d34adb0ab0a7ebf94e848ea0b0ce74f8ce27ac4,2
0x7d97716feac33fcdfd93fa5f1b239254355fcdd6,2
0x7dc0d1ad07e36f072d07164fb57e58ffd3e6f264,2
0x7dcf92de6c011eaf68e19de6068ed08721aa8db4,2
0x7dea578b1b46bcca873251eb54a0543b46b749a6,2
0x7e61f0d50c529489161c3f88ff9ab6ff8c704093,2
0x7e701cdb3dc41ccc40f4cfda71d4129981d643bc,2
0x7ed0846685e56392ea9b7de96531680d695665d9,2
0x7f1ffb3aca5e9698f41c77acb5227a2b6bf7f4d2,2
0x7f2976b0e3042099e7b0d8a02930e8af72f86b76,2
0x7f486c57e44dd1aa41ab4c2dfc0b3247214332fa,2
0x7f6283c4741e460700ac4c1024e4aa5007f5f951,2
0x7fc7bfc4b36eba867b60b62b9bb8aeacf3822062,2
0x7fe1eaf51af60216417f6cb0564308956d181b59,4
0x7ff006e01c03df8eac9fe5723119da2c09d37d16,2
0x7ffa69fd59534a24de0a04f84133a4a2620d8a3f,2
0x800a8feffd65271c26e0949f3ec42c98a120dac6,2
0x8044d122db68cb1ae7eafa5d3477a5c15543f09a,4
0x804859dc72ef1ae8fee594c7377ecff45b82fbde,2
0x805550c654e129f51a619be07a153395b93ac117,2
0x805562d6d8ff778dc64d9e60344527bf1eb042aa,2
0x80d84f23d67f79afeedcbb8a19bab4b0f4d1b270,2
0x80e0a7b0eb7d54a9247c1f117f86c2e307b70a45,2
0x80e75ed9062779560831c7808067bc0c673b17a5,2
0x8111a6d67121392b1338a77d1a90281e7845cf6d,2
0x811e7f9a58ee6e3b1d7d684c89e264e7657d5dac,2
0x81816b5c8196413d82a75043cb45d9b7459492bc,2
0x819fcccdeeac99405348df192601dd07ef1d77e9,2
0x81be2cd47b3012424362005d6e10408ec8a03033,2
0x820d2924fc880a3c045e64d35390a1faeb4f431f,2
0x821e49e8e8cdbcd46a1e1593836d6a91abba49e9,2
0x822f648413672074e50ee60826e9eb1c053ae8e6,2
0x82a166cee892520ea318a5cc03d28a8a60c656af,2
0x82db6eece33b777f3c54e3d46aeafa95982a527c,2
0x82ff13200a95b77764b1277a2f88d08694be4280,2
0x83152ab7facdb249b61e6be5baa29220313fb942,2
0x83650a7cdb71376335bfc80ffcfe18447351c97b,2
0x836f83517f5d19003cdfd9a2d29416b887cb58f4,2
0x839cfbfab761c8828935c893c0131ac7285ca755,2
0x83f325310381fae27ede6ffbc9071b8c17340415,2
0x84296321a9bb88be24df53d6abb308f94e44c13a,2
0x842af1c57bed463beaf7c0eb6d9e92d8b697c16d,2
0x845bf3045de9ad77994f45d3c83c79530b990512,2
0x847a643ad8d71569329e8b133a68291696d9ac4b,2
0x848ab6e6e781ddef409baee808c243e0fa812832,2
0x848e4dafdfa495d05f5bea829ec715d7c095c682,2
0x84aa28e41c0e91e735b8e526d863a3a5a05c9d74,2
0x84db7383ad9ffdf29957f4b015ac87fe9d3299d1,2
0x851ad9996e13aa610da8f06b24bd948ad9adaf33,2
0x852d20b822df6bdbc321798687001a89a2e25f2f,2
0x85457cdf12ecc15ae5c8a917e15a5fbef598539c,2
0x855111488654118674bf241a0f30c7208543dc78,2
0x85a1e7dcf004b2c768896751170c06704f4da70c,4
0x85ae0eb8dd20ab1ea362059b9bd84c1e0bc6d098,2
0x85b18f997a63ab55b19fc5cce519c6ebbee6438d,4
0x85d46e93d871fa1a48d41d36bcbfd07a35e9b71b,2
0x85fdd95f47a8ecdcd83f76ed42eab554bd0a0e1b,2
0x862123ec9251d29a806bffe85e1adfe999db41ec,2
0x865719c9735cca9e8f3a3d531fec09d40e67a440,2
0x867369540f3cfa32b41e3b06415388cd3d088caa,2
0x86901878b47f2347a6f30caf87ab4658c2cc5e2e,2
0x8697bdee7b35ff16f20c6a01b65f37702eed0eea,2
0x869ad1011d85f68522af8735b9ceaa512f4804a2,2
0x8708bb0ceed64cbec0d8e99fc5d9c179ab4e3381,2
0x878a5c89f8b2fdaa94613d0b81ec425e9a427985,2
0x87a45d05eaa9a720b378abb9d97d2c44b8b1dd8a,4
0x880105b537cc430859d297ecae8d441f6eb30e7b,2
0x8845cd909c56c87d7389426d9998c029b7485556,2
0x8871d265a0c8df287cf9a76dd8f6ba513dfda3b9,2
0x889ef27e76b290713d4a929b0159b2ddb48c8645,2
0x88d036f90f3297797fe903f64286b77654743b0c,2
0x8905530f1cf0e40f802383c81dfb38f6ad5e0bb6,2
0x8919127468ea024d575e0e19af23ad009a435466,2
0x894273cb38a71ee011be10c42e1610e6fb5159b3,2
0x897e8d063d881440392edada5fd0c5942a02c742,2
0x89b65dfa73937aecd4ab400bdc15956e12d42ef2,2
0x89edc2df19554aadc956093658de461b7a6bb19f,2
0x8a021d359e988166b523da637d47671ff34fe909,2
0x8a10bc64f489b19826b1933147596580bff11d79,2
0x8a2d7fddce94b8d9fbf7875e1f91e402347c22f1,2
0x8a44ff6da12c9e8afb5a34719c566cdc93e4e01b,2
0x8ab65b7a74ba922c4255d5137a1a75ae5362201c,2
0x8ac0c68ca15bb5e43ca15e3af6fa7063037f6524,2
0x8ad57c9ecb428c731f91dc50e471b6d28f3b3d78,4
0x8afd11e8a0a2d789c27de162231439dd8b9ff2f2,2
0x8afece4c9c3b88397b196c4a10aec8527975583d,2
0x8ba9632f4ac5ea6faaa576a88f30c8f50a3feb4b,2
0x8ba9e6f07efe5b82163a8295ff70c10cb7fef8ea,2
0x8bc97b57e59df9e683c108c722cc03bd80a72484,2
0x8c0cf2651b96f16d6688c35e6d6ce47fb6f753fe,2
0x8c4da4f8a860dd2d1f79c1a9370d6400b1afc452,2
0x8c627a1a58bf54c9c4ba736ce64930746c4571e1,2
0x8c702dc6c7be93f27a9be0645fce0bb81087a109,2
0x8cac43c116c46fc044334f06298b0e37519675c0,2
0x8cacb17f18ddf34ea35be228f30a2c41e8a11d75,2
0x8d09184b17f01758e0b692a1767cb26f4ab61591,2
0x8d0fd2c4081ca53db31346229fcdb1e5dc800c6a,2
0x8d188f5df14e1fdc31663a5a4d812ca6737fc023,2
0x8d195b672c887ec2212b74f8858b164208c1443e,2
0x8d7be7a9707cdb447908cc633f01e17c4b7d4e93,4
0x8d895bd8f59fae651cc5a3a0cab8cbc67af9d75c,2
0x8dcbe7d6f844c1e8dfdc21f106077a8e7d049d55,2
0x8ea9652f600350878ff1856feae19e6fff1df429,2
0x8eb47253936fd4c934e7afeeaf7772fd838ec6b6,2
0x8f56ef1eca605a37ccc7ec427febc0d5c567e9a2,2
0x8f8f16fad4e8a30e722a1501b8d7d102bdd98f40,2
0x8fb13a2fe4e00b18df459e4612acd1daff7403d4,4
0x8fb43c0a89f028a6747564e48e816abf27cd439e,2
0x8fb8782e954abb69aa536debf9cc01d2e8f03c69,2
0x8fc96fa5c92303ae1c50f412e2bbf2002b9d4a9f,2
0x9037894b6c2451ad8c0504af4bf0e7b297283ff4,2
0x907389ab564e917aaebfb3990e1ba9b696474fef,2
0x907448e69739279527b07fac76306ee17e011524,2
0x908d173f26b04e4c0bbcd70d7e7bda9aea81837a,4
0x909e0ab96d679b5049027a8f62d686305d69b9ba,2
0x90aedd55e9282083bca3053cf9b2d5db2900aa4d,2
0x90ce57c50aa4900ed7b9f7a27dc2f3fc3fdc0c1d,12
0x90d143d4b6bdb04e08cbb1c90802575462b370a6,2
0x911d3a600009bfe676dae6e0dcafb76b37c027aa,2
0x911e7325672710da513c69db460231ab812e9425,2
0x911f0f687db81bc6e13ea0800e1dc90208d24436,2
0x91219d5fc4540bce994036217ade77945da5d6f6,2
0x914db85c6ec633b0af65a330d2807993f1421765,2
0x9154da29a2ef2fb3b248461ffe0842ca83d24ac8,2
0x919efb17623f2d728b759d718ed5333ef3b95cb2,2
0x91d4c17688bef460c14582f188f37486b7d664f7,2
0x920c963b1f501c7c46ce1e38ca9c03b161efb17c,2
0x92384646844c8b47cc066e092b70073390afbcc0,2
0x925f8ec520ea48eaad00c11a4fff1c7b9abef086,2
0x927c08d02708abcc072d65833ec44f89770da232,2
0x9288f2c130e829db74550cd6d2d561e141df085b,2
0x92908a56f88560240d7de7362899c1a184ae6e09,2
0x92b354137afc70be4b430d54c5e65a9f13fd7d60,2
0x92c2eee4ffff5495fa3d7dea933c046ad044849b,2
0x934e7c30da2c127c033121f4647110cfea20fc6e,2
0x936dd3921250f6f5a9be25331355149750296a73,2
0x938002111ee0eef852fa588ac5ade65fb7242be4,2
0x93947eb5af2997f70e24d2f0b7cb79c87c899190,2
0x93cf1eab24e5208934167df5b2fa21be4c4150a1,2
0x93d985dfff4b1c7056d2eac27142e05d6b8aeb4a,2
0x93ed601631407d91451ae010f68af381ea6d558c,2
0x941a5159b76f9299b2d1352209da2a1e8a7f625c,2
0x949669c254559af4f6ee9cfa521a5a7f3fd8985a,2
0x94aa05015e17ebd6da5b3ec1150c4b35850e5740,2
0x94abfa0cfcda5f6e3939864c37a0e0e453c68201,2
0x94b7b4cf3f1983595f9cfe464528821273ac1506,2
0x94c4392d54d7fda5d77a5b034ee221ac25677b5f,2
0x95576b44757263150e1224da24d6a6a0edc81cd6,2
0x956c2985e489301d039fad996562d2a83b67c6af,2
0x958410d75bf7543ef6e4dd6134482be368a5712b,2
0x959e92f560c91b1d0682d8133aa8d5bb4a6b3ae6,2
0x95bdea38ab2cb8b0a86712fc0091e1294850ae47,2
0x967db28f6285dc821eacf4571564dd052c8f4c58,2
0x96845eaca373971739d4b82bbb77271c2aa4fa11,2
0x9697298c7da3b75b9dcdfb146c51b3635d1c2569,2
0x969f92f3d0296629f1db720e1fb84959aa6ceda7,2
0x96d9cb9851e711085566f79cc79b69ca2743eae4,2
0x96e38316343078542214a7a685d0802f63ca756b,2
0x96e424011249a72817b407d029da3ce012e7984b,2
0x96f13fea78bbdfc9330d73aaede71999e69e752b,24
0x972ccba923b9970504057dd185c70036a0d70824,2
0x976bed897a0c815285bb6a2e28738742407bf77c,2
0x9789683c6664eaae443a4e161d61215a38ba55f1,2
0x97c6502f454b7da217f21cf5efae87ffdd771907,2
0x97dbbca2213607ac880a05f2481c994a387cbee6,2
0x97e18713c64f75b5c4c6b51b7ab4495c357db543,2
0x97ec8b90856649a0b61d09e2151b869635012724,2
0x97fd8b15dd734a5bec139a4a5517af3c9db5129c,2
0x980414c76af474dad7d0297eb655d1c6a870a626,2
0x980f0c36fc1df0254cbbca66360d52fc8dd3e1b5,2
0x981ba4c0c8f650840a22c92397884b8f5d1e0550,2
0x982eaf5827ad6bca7c7c6952cb594f4ddfe59a89,2
0x9886a4bdf311d55fffdfeb7e5678c4f5b54ce157,2
0x98b5db8035b783d80c1683f1ee1ea518994eb58e,2
0x98ead7194d141abc96b9e68067bf06d90445deae,2
0x99082df9b6ee000a38cebc85f355291a2fe93bf6,2
0x9920aa837993f1b6136f45fbc5ed5464c7f37d34,2
0x992a414a411b4c50a43c37052f23fcfa06225ae7,2
0x996e2ab0e5736d1988205c1792fa3ee6defac6aa,2
0x9a036325301d6da54841e99cba268ef55a6da489,2
0x9a2c7b7b5e3cc2c2232341211f3f9f9d53b51d2e,2
0x9a5be5d2ed48eeac65decd96d1752c5f031ea241,2
0x9a604173def05868d20a8e150c322598d5d92c4e,2
0x9a7b4ee7ac50d23d396978c932d0466c11d96469,2
0x9a816a7a6236075987183c3438dd4916a0cf3947,2
0x9af3945057d3d9d5db64405cc88d7b148ee03994,2
0x9b152ae15a358619ab3500bed177cf5f0f131770,2
0x9b24c375c8f35a37b2138edc0e307e11387df10c,2
0x9b2e6dfcb85237eeaac4a95968b616485ee53d8e,2
0x9b7c36078ae3023b6d0193152cfe16e512efc526,2
0x9c487ba4872e825cacde922688f1b316595ed4da,2
0x9c79f5343163128bad9d67172ab5597da44a4fc0,2
0x9c8d84c5627ea568725c8123373903f1c5ba2fe4,2
0x9c97a9e8738100e4b5bb0bacb5581f8ef1534668,2
0x9cc1d4af4bd2f9123e66433313be82afa802393f,2
0x9cfa24794770fddce4be900391b5aa93d50034da,2
0x9d013c5d5a3750d2881b4b32dc8472d7ee9e31dd,2
0x9e089abf6eba6b131035ccd537f34cf0230751d0,2
0x9e0ff934a6f5bd2ad8f7306ffce17dd358e121d6,2
0x9e121698d68cf4c2b34202ccee11ea62769a8bc7,2
0x9e4e0e8179795b26f24342ec0411ec244b4a90e5,2
0x9ee97800bf8b0fade63fc22dde0097cfba154e7e,2
0x9f005c34f65f1e3729686e788a897d903d93babd,2
0x9f0b7f731897898709f3f935972d646c2d262cb6,2
0x9f1a7d9917cd54362191eb33a4da0cc14acecfbf,2
0x9f3a6df7bc869b77fe3e5e050f305d9835d9192d,2
0x9f75c4524650db0eca11ea18b08dddfe54335366,2
0x9f88dc762c508acfb6b347605f5cac321c64cff7,2
0x9f8d0f2da416154dd0237b59cb019f31db26b85e,2
0x9f90e1d41c405a4081c6366c34dc5dcf8d1a4272,2
0x9fa88e754b6b255206a29312b491b46d0283b5a4,2
0xa01951f21fa38e2b9e84893f2bffc9e92e48482e,2
0xa023a436e49dc8c20b05c82fdcddd52f8a092f6b,2
0xa04ae8ef5d08082e215ca64be2771b8650fec1db,2
0xa0ca33ec3a437a24a2c3424c1d49a88c9cd62fd8,2
0xa0eb7826e07e282104e49b7a0e97831fe898de66,2
0xa13c974352d14b20c61f31d54db36dda62ecf184,2
0xa14beee9a094e00a249adf6f7ff8cf7b632844f2,2
0xa14ed5a6a32bdb04f8adec3a0788422c8c1284ac,2
0xa1a421762211fe30d4226d3318da1555ef5b703d,4
0xa1a45a2b5fcdcdc590f5203d194e563ae6742e32,2
0xa1ac9882c1f2fa810eebad1adee4b71ee2454a19,2
0xa1b733980a3912dc24836fb66a58b4b7245cd25b,2
0xa1c9dfc96032256c4d0f625f8e25aca1e9a20bf5,2
0xa22857458cf917b36286e3d532c51fd595a01a6c,2
0xa23879336b47cbade86e215a2a2880dedcb92f6d,2
0xa259b1a87598c2e07fa357442128ba70b0978fc4,2
0xa274caf278cf7c195e145e066ad6cd996f6a4e39,2
0xa2a678dc5428f7033e9cd8063cdb8df2f60afbff,2
0xa305ac1aaa978e1d2cebbca7115bfcaad95cb8a6,2
0xa35b24e4718644d11b38ba8786af103b0ac3b96d,2
0xa369a60ab8c045a5c3d7740e7b7b81e4b7ad44dc,2
0xa39ea59a2618edf6c2594ee9887facb90eaf12a2,2
0xa3a31f6cef705743d90a83652698b1de8576ee7b,2
0xa3a94a0cafbe7074afbca75df64666a6e2dadac0,2
0xa3ac329fdb53ce635b2907181e9ce41feb970137,2
0xa3cc3cdba80076225ed1243d386d039a6dc23aa6,2
0xa3fe91a0956091bcd0b9df0cf621b8a3ac6d7baa,2
0xa422defeebd4bb37be9af3270c965194d292a388,2
0xa423c3d77c03973ddf588d4ade1c1ace69815017,2
0xa478a239cda099f560df9204a25ce66f89cc80cf,2
0xa4ad2bec738799d5d5cb78d42b56ccf1fcfaebfa,2
0xa4f37f3bf4a9dbacf225540bfc0f2889eaf1bfc4,2
0xa546ee534805f9968e5a84a9cb48860779e45e13,2
0xa54a3f1ac46efdc192241b2fbcf94ae1a0da3fc3,2
0xa58cdde3b2463e8017944d13126f808b4f9ef7b4,2
0xa58fd592a4a73cf961af9be8fa09a59d4ee01ea2,2
0xa5c818dd4a7ea125a941f4eb09c3b117816fa9e2,2
0xa5dba3c596c00bb25b19a128b0bf7fabf8b2daf8,2
0xa60a51fe7f8b5ad7b9584d70af7ee19ac565fbc6,2
0xa61e77cca438eb39c3bb936341c7d878e0d661e3,2
0xa62be9dbeca1f2df2c669846248e8088a22be37b,2
0xa630df868ecc6239f2a8afe448a0be3202422e50,2
0xa63b106ab875bf1fffed17cb357800b65880fbee,2
0xa64fce7a0f8d1da32e73d0f975e23e16baf0c80c,2
0xa672273865810234fae493c944fc3a000f303f60,2
0xa67b621ea4d0f4fb817eac56013cc4b49f818e71,2
0xa6a0ca64b12f61d8c4da85eb3b8b269c88d5a7f0,4
0xa6b0ada74ada37f4151e548c79099816af065636,2
0xa6b21f1dbf39a5331425f9620b867bac7ab13f50,2
0xa6d6a942b5c8000b58874825470fb55633c31eac,4
0xa70e89f32c98796cee536e05dbc3ba357cf0b4dc,2
0xa732f895e5d9bd3bc41376fd788b030f8754d923,2
0xa75361a55cc9582a4e9748e3f632ec8704af5fb9,2
0xa781c1e07c8acfc22c21542f921c401feaddfe9d,2
0xa789a7ccf50a346250d516571c96588078b9d205,2
0xa799cf9a9242eb89d77a61571fb14502f6ba453c,2
0xa7aa4540d741f763c484550df96310f03827f440,2
0xa7b54e0cc6b61a504ec9d91f85514fae5d3c052a,2
0xa7e2a16d49dcde8727163e63b6f2e7ba293abbad,2
0xa82874c892db96c5052418b8a4cfe643f777d67c,2
0xa83b468e5d645e01a88951ca43ec9665b61bf546,2
0xa8644d3d37e5b9ba50038f652eebee3b7108d554,2
0xa889cd28ca3fad769cbda9b876d43c85f5298376,2
0xa89862402d0215703206484c778b77cc1f356408,2
0xa8eada58e01cfb5d4f38db59cf46dc973eb13b8e,2
0xa9992425be12b829db1c08c37c034eedd3606754,2
0xa9afad34421a12341148abfc6a4aa7f836522697,4
0xa9b8aa4b566ed81d737131aa9b9175c67ee1ebcd,2
0xa9de0950ff0d2972c0d1ddac54378ec59b05b507,2
0xa9f412a157cbc373e4c0f6ce77f7a88f89d39684,2
0xa9fbe6543523a950e89124164c520c5387e07511,2
0xaa1c6ea3f36b7d717bc4579e8b11ed0e6a27583c,2
0xaa381c9a86d15c99a0323a03d17a8eee29358f21,2
0xaa3b48bac2fedc58a564904d27911392ca1f84ba,2
0xaa3e9cfab55cefd688a3bc45d8e53a73b7d8800d,2
0xaacd812b1666a2847cf2ebfe62f5c4ede83a8e53,2
0xaaef0fe4a4e3859c825aa53b7fb3075f22268969,2
0xab5b91cda6cb51820577d81ebf3e3184cf2059a1,2
0xab80554b54f9756ce6a73674589ff090aaa6a149,2
0xabd55c6e7bb0885d2d6ec5ddf9f8d92ce9b23e9b,2
0xabf2ac5524d27f5ecf759fa80bbca54fc2180516,2
0xabf8edd1af9bf84ead62363ee94219e4176999ea,2
0xac0eb49b989f8a9ea2cccdf73eb7c4c700925549,2
0xac245f07a83405d55383e7b82e51b80db7c0387c,2
0xac26715669c961ae9d50952eede66549930ed561,2
0xac52569be91d2601d4927223353d62193fb52e2f,2
0xac74491480c6bb30c26627c6cbae8a2b5952da54,2
0xac7f104203821baf88cf9a0929610f3dc66fb1e1,2
0xac874c998ef1092d06cefc0b02e5b53c95169e0d,2
0xac89857bafec0cb8f509bd9dd22078ebf5880218,2
0xaca9d9d24852e8b816241d31d7c8535b3c0a9f46,2
0xad35db87791ca046dd2057847fec9c2d51f7ac99,4
0xad863559c9437205d6c8c68ff5f009a7767001ee,2
0xadacba4cae9471c26d613f7a94014549a647783c,2
0xadad7ec70ac6b2599360efc99089b575e4bc376d,2
0xadb76d1e4e284501ad9485f645da39b8a3e355b8,2
0xadd2a9f799519176131991630a078925ad9a84ea,2
0xadeb7999b6d3e511cf7defe102231acd6a5ba0ee,2
0xadf3194180fc874d03587fea704a062ee4a2fe36,2
0xadf9be67c47ca537feb0bc1546ec96d28aa962a1,2
0xae51d3052a04b266be82e964caf46f7045087aef,2
0xaec0ca82204e8927638af11e9a5be094e64a6901,2
0xaeddccc359ba43300db71690181790d7f07fd71b,2
0xaf0ad083a79c2bc0c9ba2cc3fd57e2cdf5e039e9,2
0xaf2353fc7a23b1266dd91a0ed0c839c480aaa49c,2
0xaf354bcda68d66360851977b01adaa97ab19eae9,2
0xaf42b3d2e50779f318fe273177bb39c37cd0c926,2
0xaf48278fa4421747ee89ea202c82db0ea149aa3b,2
0xaf667e8b3fd40beff628cacee2338c0db4d0b1f5,2
0xaf789851729129fad0d959db8a211e8c8351b5ff,2
0xb020427f611883223e7d3ba391df88939216c8d8,2
0xb0396c7b1102a978a87a863fbca7fd095b933d58,2
0xb074338b99f5979ed714d71d63e0c757f3a805e3,2
0xb1239241b04e89d86e1f9f100105fbc0f7dd5fa8,2
0xb15ebc7f5fd99f1e7ea920f2c623846f5cf355d5,2
0xb1993efb28ad034aac6b3ef8427193ddd51cd187,2
0xb19c1f56f8d2bf268921abc34beaddef5b32e6b6,2
0xb1c1790eb83f694de259c1566c43ea52b935d49d,2
0xb1d71db701a15b04316c586966a453fa8f14c66f,2
0xb1ddacdea0b39b13768599d00427eac7f02a6f6f,2
0xb1ec6228158adc950fc270bd143174f5872357aa,2
0xb21faea25321b5442a197990fd13445f9c808374,2
0xb2b78041e6da18ef2e3484b91e4338aee4486f29,2
0xb2f643e037b8f5dbad45547ffaf3701fdb403b22,2
0xb318ec53cb3153400696e149445b57ade94a84a4,2
0xb3384dfd46fefdf209d2c896d3e06e584b304c2e,2
0xb3a19cc18e6fb7c149489220693d9474058f3c07,2
0xb3c4a2b99496d19e7bc63834728acfa914347660,2
0xb3c824d2f08a7f3c8cab60c47eb5b3d9394934c0,4
0xb3fde20382cb896fdcc7fb27838b8def47a0d8e9,2
0xb415f808d6821524a6ccd6afa92a59482d0e8955,4
0xb4258cde03f5852a77ea4716490ca8606303f325,2
0xb42e4920a5b4a0b7249cb7aedf02c28f18df8bc6,2
0xb43ef46e9f72bf7c0cc5bfb77e7080f9f0daeedb,2
0xb4804825fe80201c283031a082949153e7f81068,2
0xb4bb21b2d39dd710f271b9e7a409522ce3c0bf87,2
0xb4fd706ae5feb99f71991b2043b7a0958f16a38b,2
0xb58bf2d5ffb52c1fad60f6750b639156ab249f53,2
0xb59176781fdaae3c4ee561de1d0fb0cea9dc6689,2
0xb59d10fee31f9ba96f4e100e4ce75320fc519e34,2
0xb59edee780bb8dc864df640648fb1252b93c7c31,2
0xb5a3112d496f51936f8c3a77b01593665f32d41e,2
0xb5b8eb01e7460363e4fe9ce60772bf9fbc719ffd,2
0xb5eb85b80b94ffd6516fcee288951fabb6860264,2
0xb601a90c45b1caf525f2058178ae500a77f22937,2
0xb605735f3f1ca3daffccea0e2b30522d9b8318de,2
0xb618af743fe37ec708b0015736ee4c7a6583646d,2
0xb61e953af5edff6bd1a2bbfc4a59aabd745426ab,2
0xb63e7175dfb38b575f3839f4b785db224df3e782,2
0xb722c6289d4cab5a6d99bf9030a93702bb5fd211,2
0xb7990b3cbd7174c29b9dfc722367c3aa11f93eda,2
0xb7de05e1ba9209608984e8d53b103b7d0ba727a5,2
0xb7f1fed20cfb990e6e7bcf5465c87afc95483172,2
0xb7f320ff5b3b4cd02516b336301dcb7f30baa18e,2
0xb82d5544eb467cf2fbbcc3882b0a4847b5fbc8e9,2
0xb87b78a204b4c4c678add541f338e10173abe18e,2
0xb8a823406558f3924fd9dd689f19f7c67d025ac1,2
0xb92ce1a4a1170a7f29bbd8d8b947330f47b3cdb2,2
0xb94e79d5e5a048a4ad1f3a2a5639dde21d8d3b2a,2
0xb9c79decc06b5da578e077fe863cdf050cf56154,2
0xba071360571869c4c6690d44b070ca235c9c017c,2
0xba37a8d79ea5c1ccfc30ad73e76a93553066ecf2,2
0xba522a7ee4d0d38daa93734bf4daf8fd4c998c95,6
0xba80a1fd8ff6d7cd672a4e1f9d42c8f92b431cd1,2
0xbaa65b07fff14cf593b9e75910a59d2271825382,2
0xbaa98fe972144ef1de53b801045cec5a291cb30e,2
0xbaa9cfe2cfab3eaa9e7fc91602e72f2be0eb72a8,2
0xbace04b142381bb811704f9f122ec51f6952f77a,2
0xbaedb65dc731720441ad113ad316b4c1dd402407,2
0xbb244cb6f58c1f74d2a9416ff6c1de42c9460e22,2
0xbb27ac3968ee8ff53cb92c0362816a55dfb86ef7,12
0xbba556672b267667af4519eea1802d9b4d0256f3,2
0xbbbcf7cfde4b90eac6c2057cff21528093325ed8,8
0xbbf7d8e3b845918024db9e95a050f3dfa2a24db1,2
0xbc061f27cf4a84915b1fd8ae5ad91f57d5fac420,2
0xbc434b6f4c9377bf6aaf496078221c5188648181,2
0xbc4a5955f38bcf2ff350185da6d1f5f6fe43218e,2
0xbc7dc395762d1268d51f8480f9e7e892cad9175b,2
0xbc9da7d88c9ed0c6a681a5d890117e927420dc72,2
0xbd22959bfbf2c06e6faaa2ae14d5b3c891a2d703,2
0xbd56cb90ed4fb76b9c5ae5456fe69089d71d20e1,2
0xbd9bafaf4a06710585a29cff8da3fd5a0266db38,2
0xbdba2bf81c6cee8d8e7365ef4cbcaedf33c80329,2
0xbde64e51afa84b9165e815d1de6f52ad3c783fee,2
0xbdf36df980b4809977bd97ed1235022895016880,8
0xbe6e5a76d58f91a44620a0f7eedc80e22136860d,4
0xbe8303fc0063c50fdced15c3306b311d7c83e157,2
0xbe9198a76962e54f437390583168423169a0d1c5,2
0xbeaeac7a60de4421fde94dd50240523a71dff3fe,2
0xbebc486fed781b46c3b750bb17b6e7c38da38505,2
0xbf05cca381a8ad0177fb967341d040c6fa980335,2
0xbf0cc3917b3fd004d649479148b6e67a936777c7,2
0xbf81e34641c13b674b764415a1305ec8ea2854be,2
0xbfb0326e124eb1c5c38c2d5f89c6fa53e537a2c5,2
0xbfeee8c5f3949d213eb97f117ba298918a66295d,2
0xbff411219284fc7f6e70bad2a70b5eeb6d882e75,2
0xc0166b8c57a976c429ea00b2b7a50d484b46cdeb,2
0xc028eaf6da02aa68470f9738bf794191e27da4ff,2
0xc034a920ea1dd1031274455cc83017c5ba7a4299,2
0xc05a9a1accd62afde58c9a233d4f597661dfbcd8,2
0xc0998160228d64827968cd16248dc322ad4ededb,2
0xc099ea0cc5cf57634446df1537e54dd70172d5b0,2
0xc0ffcf19962d0938c0a25fb81661f01ced352777,2
0xc1060a26755c1999347a179e1d3f10d3f10c7105,2
0xc157aac0fa29af0a288e510d1fe83a4c16a2d7e1,2
0xc171ae0451ff6e454624aaf22f79e9f14ec67205,2
0xc1996cc60727d78e96c5f73b0a8e6b4a8f41272c,2
0xc1a775959f7d394859ada1f6062103b793872939,2
0xc1d8432beb3844fcbbdfd630121181dd35951d14,2
0xc1faf6b251707fe77b3f2cffab44c7c47d32f34a,2
0xc1fbb588d85fe6eeedd5a902064d1b9babe49cc2,2
0xc1fd32397f3173755acb28ee2aca0f478c792471,2
0xc2269b0024153ce218e44e2e26d537d5f633c808,2
0xc23e8b456675507f02dfc1bb1ec3e24d59f8b499,2
0xc259036877d287e64ed5854777c5151bebcd39a8,2
0xc277bef02e84887f023cfdab97f5034bd5044bd4,2
0xc2a3f57fe51dcd6339c545cc08e47f9b6ddc4701,2
0xc2b7014aa9bfea7f9442df001a6ccc59646a52dd,2
0xc2e7e53f986136dd18c1ade15c1a56f225269a3e,2
0xc3575e3c6c9bc7a3b21a4d13f7833731bf1f4e35,2
0xc39da4d109b30b7f0a3e1d383acb528488a3fe8a,2
0xc3ae032ab2edee66dbc9e618b8922a0d5a589f9a,2
0xc3c291c4841321b16651a657c35febb420afd1a1,2
0xc3d3e3da141ecce9cb2098a7d44355b9f0b26ea7,2
0xc3d8e675f8717eb19db90f8558ec2188c24bb5bc,2
0xc428e949e5ddd7977614a40820f624d3d50d4d1a,2
0xc43638f1272a15d78b595c2dcd04f7a3a3366c9a,2
0xc46e0710391bb1a17fabaf1328b58aaeabb8dc6d,2
0xc487943f7a5088f9de6dd6ea76aea82ddca63cb2,2
0xc4a4d376fa551e7a79b7fe0214c9c9c35c2f3e32,2
0xc4f72e2413c35abbf050168fe03cffa4dcdca7ba,4
0xc50ce2a493e115c969879661197202c0111b5d0d,2
0xc516c83ed77cae3a282b49f50d97f55e0d459815,2
0xc54f0b9892df3411e4cead610c9f6fc0055828c9,2
0xc5954f1b4dd5c6855fe28a9af8fd0c697b7dc4d2,2
0xc5ab9be5ae01e926572f45b2ee935e2125a2882c,2
0xc5f29979eaf701e38d8e8402587e963857526ed3,2
0xc6062a01de447471f5a2c8f63797b1e4c5360d44,4
0xc65c408a460d3a8cd0d9e47bacf2cc6b0224d152,2
0xc66e0ac18eb8581ac4402ef1482822fa117f6648,2
0xc67db0df922238979da0fd00d46016e8ae14cecb,2
0xc68a2cc2a8a9f4c0a81ec2cfef61f7a8e23d715e,2
0xc6a87cfb291c4322dc94b0f593c856b6461a001a,2
0xc6b89a75307767d24e6134141b114f1c647968e7,2
0xc6f8db9bbd6a91bc11fa75c3cb748fef575d609b,2
0xc718be5d8c74612fc83839d48bcc296e76224054,2
0xc72b93f208bf9168b42e241622b66d17b0cd408a,2
0xc75d0ef8d87ca6236301dbd56f8da4e260ee38c2,2
0xc76618966ad0588903d9149abced0b2725eadb14,2
0xc78aa5314c0117a1b4dac3ba9e60f101e2b196d8,2
0xc7a15846d5acfe04a6d234a5a4c8a2b7a7a2e49f,2
0xc7f8c829b6b3384e7238dfba0d7b71d6214a2671,2
0xc845159cd013f7d4f939b975b4a2b9aa152256dd,2
0xc85db36ca83ce17df4772bb222ae6fead4dd475e,2
0xc8b3c0e904a44d1f200cc9793da3ab2623dd8a90,2
0xc8dabe653f55aa6cc236376b7301f7e1bce42972,2
0xc94eee312db493bce5d4d1f4000133a980c2ef52,2
0xc967ec733df62ff344ca7d416e6308d0350823d2,2
0xc9e9cb5b59b336c8e177a4ec963074faab0681b3,2
0xca689c3234de16b8f5c5a7f94e740ae902ec7e6f,2
0xca799b1cb420f7251fb0476af4cb8af3fde321bd,2
0xca904e7b1ddd2fb73569958557eed56076f2b08d,2
0xcabb96eaeec3875697fe65a23ca74f11b99ea0b4,2
0xcae6a6e0b25879ad413e1996c1f67dcf265b3ba1,2
0xcaee7753ba3fdc191686443839a38814d7a27570,2
0xcb01bec87830c2e27293b845aeeccf5da46f1084,2
0xcb117a6c52f2830dfa9f4c7103e9ad09bb880cd4,2
0xcb44910bcf3ddefe63b573614adf7eb3e706cd01,2
0xcb55516c5dfc3aaa6e089736c168b86c6ed3aac4,2
0xcb80cf1285eb053f177bcdd1c939180ade34317c,2
0xcba2e4e7e929579101c428bc075ef864a8085b36,2
0xcbbddd2c17ac5055ea2b9bdac7d2ff9ae7af272e,2
0xcbfb8f9934400f653b039ea2f10f8ecdac10d1cf,2
0xcc0e8b671a693436acdf9433dc0eb50e160c5434,2
0xcc1f9563be6319c166a6d494bd71ef5d94924401,2
0xccb659956fe53b9b8bb51412f1eb899d4b53abac,2
0xccbbc506c1b5fd46ad7e67fd18b9c609662a03f1,2
0xcd0a18c3f445f70c26275ab5fc33869670d9e051,2
0xcd240bf1de5b90d57d58204833645375f890c155,2
0xcd5f12e8c2a4174223a744e06ca8ccfb02e56953,2
0xcda5cd04dee8d19b91e999cefb6494bbfe34143f,2
0xcdaf9c60de6e99cea2d8745bf5ea60ad1d9d5ca8,2
0xcddedac65fb694b06adfcb0ebb58316c528b894c,4
0xce2d4fb47140fad9c346e1c34d5af8fe309b8da1,2
0xce313f1fa50475d4e462163641cfd66d7f4abe40,2
0xce3177362ce3220d33d51c01bc896f0fbca8c469,2
0xce6cf7405dc8aaba05b95e6be909f762be53aa17,2
0xce6f0c10ccda1472d4f8d643282704194571f5b7,2
0xce92f0f1649fa7c2316841d469827e508cb1b216,2
0xcea5029ad7b8d96e08e32f81ceb06337e8b0ed62,2
0xceb69ee4e83907bf6fa3c75dbe4976e85fc3d6f3,2
0xcee07a0f22095ca1f99c735a9b1f3a72b998f24c,2
0xcf735af12918891bf630528034430a36ec2849aa,2
0xcf776c9fd4a5dc31e3ac9f11c0bbee7c3d8b60b2,2
0xcf7ea274a466ebfddbeff3808a36a79f20b6ba0d,2
0xcfa643d9350df9f6c5e51016cd79743884d0949e,2
0xcfdf13d3b28b08fa2131f83902cdfaab6302868f,2
0xd02fe60e02158e6bd495742c3d57e7077569776f,2
0xd0379602a9f82e4f4baef687cc103047bb702f4c,2
0xd062dce9602476e2c2a7699be31833578825bc91,2
0xd06584400f55099ee2c872b53a48f1ff85067c4a,4
0xd077bbdeffb4a3f39bf7a78ab2f50ecba9596b95,2
0xd0798af9de1311692c2e2539aef3e2197ac2cfdb,2
0xd0dab0580cfecf4cd89543bd41f9212ce050b0a2,2
0xd0eb40a9e0f5ca8355d2a174f5f7959a7ced17b7,2
0xd0ed79e5ae05509439e5c0dd409b7812ff649c26,2
0xd1598cc0967405b5dce3c6f7342483e1435b66bd,2
0xd15cab034c4f2cc9cb7961392666ebb9434d4422,2
0xd17957420b036cba956c14cf31110ce00650adb4,2
0xd18c458d756b8f6ed3742cc6a594d3a2b576fa8f,2
0xd197d72af51969dcb6bbf59622bea6a6ff6c9b3b,2
0xd1df10c6466a2d5ef4b6c1e74910a11d3e1aec32,2
0xd1ec6da0a5d811bc710f6d9fa5f138ed65c00d7a,2
0xd222372f76d5558fec78aca73ad6f4ce81133a06,2
0xd23d3fa349ea34ba1a96c15de6ca9ef369e7f2aa,2
0xd250acc86f704f1e226ba39cca9ab31d2d5e9714,2
0xd25bfd5cc2029ad3a16cd826f0a9b32b85272782,2
0xd287682f24cebeb2eee2dfe5569047d6f6f03e5e,2
0xd29deeb7e9990be8e194a326b4a7e4b2eba8f427,2
0xd31a9a5dd1742f5f646a85e489b7ade1099d7cdc,2
0xd32cb32194659bda6c37ac4d3aec479ad06591ae,2
0xd3924cb51d7c9c23f70b41108751d9315e11c352,2
0xd392f6802b5602a2389b51bc8f8c3d4459e040f2,2
0xd39f13ceed546e40f4a6e28dff902d886ac3e7e8,2
0xd3a6bf5e7784675e44050c6d2630539ff7070127,2
0xd3f0fe827d866774d89eb3b285cad57017f71abd,2
0xd41273d545545af05375e0cf725fd527d03fbde1,2
0xd471df225db7bd8095b142d6648cddc81ff69b95,2
0xd476acd54988db90343ba98bbe8f074d854b7be3,2
0xd490dc42d455d79912896bdafa9aef0b4e783ca6,2
0xd4aea428facd4657b0200d3ff39243f7ad9b66c5,2
0xd4d71b709bcc500b60d0ae36dcfb4f6183746087,2
0xd4e5e807dad8fb5593b9be5a129355e70a3f5ca0,2
0xd4f17c243afcd516f706dfeb18f564c28f243225,2
0xd5274a310b9a81e040c6c1fa2620bd9b58276449,2
0xd5314df0a53eea3311eecddeb949717bafbc66df,2
0xd54974a2f1ec23b7b71bb5c435987867383a3771,2
0xd560a9c04e0a08775ffd919606cc67efac07d945,2
0xd5c6a68bae6f487f0999782dad60b24ba85bd695,2
0xd5fc60d1aba3e144e10578b44e1070e19a7d21f5,2
0xd63f98fe9406e3c15bd08fb37a245b451459e6fd,2
0xd66d6e7c535e5e6587870d2034cd76fa5609a703,2
0xd6851a0f387cc7aa45207907699bf4bcf1ff9379,2
0xd699e5b3b80feb2e86d9ba11f9eacc77ab3d0976,2
0xd6c07b167c96dcfe62829d2f900c2bb5119d564e,2
0xd6c8422839b7965dade45349f6bcea6b2963b480,2
0xd6dc74ef30ff4ca126e434e7b0058c664b93c163,2
0xd6f491319fb7d08945eb97c1b9ad88f0160d0c37,2
0xd71d94998d090d47ade196b6f901436cb4e9feab,2
0xd735658c592ad20ec1845bfdf63e24cf74ae0e40,2
0xd73c74beba29712473ee0d8f885d6cd9240d032d,2
0xd77989a5b8ded89b74215845f245e35d932cd740,4
0xd77a95bb11d0e564da812d71b9d06d30a3cbb897,2
0xd7913884f0a8a99682f804ab9dc3390873830d79,2
0xd7b33050bf2e14956f629f9c6fccb9db6c7e08c2,2
0xd7df226a76982636af14727b6a656ab6062a3cf8,2
0xd7e44a7adeac691adffcd2e56c587a30109f67b0,2
0xd83211814bb7b865dc55833852bafd50e566547b,2
0xd8530b358b5ef3db676b013244ea0222c361eb90,2
0xd853c2044518efaef42cc8c04a5acd228ddd87fb,2
0xd87fa50bd7a30b8b6683f00a82353979dd3ca520,2
0xd8bcfffbf8dc67353cd0739f4f2ad487c657d5b0,2
0xd9056f3ff868c33d1e50ca20469402e7a24d7258,2
0xd93faff9b7e14722d837ab11ec296968648c4cb6,2
0xd9688190a9a9afd089633c2d41c6847f50b59558,2
0xd9bee9d2fd55999f0be82e194278453f0ddb37f1,2
0xda05a1e49e83565eb4f2fa133a41879e61418f89,2
0xda24fe01b661e5ad17257f33e120c7065fc9d568,2
0xda2e02ef978b214111986f978c3847b06e2aaf6a,2
0xda70f9c81f5f20b3e3c32b60ba24b99a30ec8ee2,2
0xdac634f93be2264496b97eecc505b3ad1472456d,2
0xdafd81795eaf3b30bb905d1df527fa5957d3c4cc,2
0xdb2b35826c6d267f32c6bdba9c999ef74671dac0,2
0xdb3c6f60ae2560001840511d3261c6278ab17369,2
0xdb4cdb6f166ff5f27f59dc7443db24cc62b7209d,2
0xdb6f6ab07e266596b97459a570cca06f0bfca9ea,2
0xdba9d9c46da063d180585e891b6d1621381e0e8a,2
0xdbda3833be54a3286e518a74a116c7c20704f473,2
0xdc0548af1b43ede7c431ce23d828970c67e91c64,2
0xdc64332073c58ad4e2ff71c87883286024b086af,2
0xdc78497d1043f96b0bba189a2041a6799727cc67,2
0xdcbc27fa2ef3879695c00ce7594ba37c953a5e42,2
0xdcbc3cf5a4886812721bac1b0e53c9b8632bc162,2
0xdcf9ad9017e389f91f6a66d2a09bc9ea54eb7e13,2
0xdd1efa46133ad8676679b2b3369bee750fc7502e,2
0xdd8c8389116d6e806a941949f55cfd4ce2398155,2
0xdd8e6b85e7da67ba0cdb3ecd7d68b286a24f3132,2
0xdd99f5649a654b0a3646005f096a7984e95df0be,2
0xddd92e1ca2e4ded9b2c9f2d000c5f1d35de823f3,2
0xddeedf4e58c1e5d09715c0008151487444f1067e,2
0xddffcb242698a125d9fdb95641cb6590a54265d1,6
0xde07dfbde065fac82210715934efd3aa4558a66e,2
0xde362c65b3bf04133d0d57597b0df3c75cb82efe,2
0xde3c4caf64c5ef70e80c390279991c554ce36bef,2
0xde4e386b7e244d6a1f458a2e47a9d0568f7b81da,2
0xde5970d9fd25c2812ebc2cf3ac0db81f29a52027,4
0xde803f104634c08757f62f2d194c7851d3cb8d21,2
0xde88f9d709300aa9f6403ec8875c053106349315,2
0xded3b719542aceae6c705a3f3f0ca5c59e53a97e,2
0xdf06a761d286c0ae835173236e1f12f1379e4977,2
0xdf236cfd370ce6c9bb94d7ae45737261ec31fb16,2
0xdf76725b089bc4d0db35a2480ea5bfd4ac50145a,2
0xdf9a6c1eeaf12b60ed424d3bcf23ca25bcddf4c5,2
0xdfaa7888c2c1192c214d310af8b64f0041d19443,2
0xdfb28796d85dbfc9717f3f7fd51ea04b93ee6cea,2
0xdff34ab08dc2800e3cb522539a1aa8c0189c06af,2
0xe05e009efd96b91d69c0c74b76cf0eff6ec3d243,2
0xe096eed124c189f05e6d6a2c5d427f61cf86296a,2
0xe0b0665a93a783230ce2f83a8eb9b9415a34a6ed,2
0xe0d145da1c64ace103065a1fef9ec10245d327cf,2
0xe0d6b63ac294601cf0cf26540b4fe334b14d37f4,2
0xe100eb4324d80ffecc7162b2f469d4df5cc77230,2
0xe18d8d2c661d0ae04b7b69ef8760c5857ac533e7,2
0xe1b37c3dff325bf1be1200c80aa1d02a6f0585db,2
0xe1b7998950ebc2a5e9293f969b5f2e39434627f9,2
0xe235adca437940c5ac666b575cd89b8d449d585f,2
0xe239cae5349b45f002eddb206d94fc7061968c9e,2
0xe25fe4213821705c3b7b5251089e57cc889f0af4,2
0xe2b238b580fd2ac39187f372931710b47c281937,2
0xe2bfb826ef8040729518d86ed399c0c32985d2d7,2
0xe2cec2cc859827b3dbace7b92e18f83c3e14270d,2
0xe302603a2e9b1a2306537fdafcd967be98af9f5d,2
0xe33564d3a5f9000186dfcd64b5cffe5926e173ad,2
0xe3c3e6220f53674bccb3bc077d6e3a7bbed9c4be,2
0xe3fad6d7d91d4f0cd660fef74f6aca4dfb8b48bf,2
0xe40bd351d76d50a820a5fe3b9d0af21465eb21c3,2
0xe40e14320467a0ca4e48fae89f833cdbf71b1741,2
0xe488d8d3b5805ae43651b8f1211ca2f38e84c225,2
0xe49d5be6c9f8ff32bba6fa0ec26c8b9bbb23b0a8,2
0xe4a280053e244971a378a8f51ca4f3be11f8ddae,2
0xe4aa30bc80f482d16ebe072acb442448225753a3,2
0xe4aafee08ac04b40a5e289aeacc8c3f3639fddea,2
0xe4efc69e12057ba39041813b0a0ac1e5282fd8a4,2
0xe53ad2e73a2ba78cba846e3a96a62b75ee1c113a,2
0xe56b1ca502c542109e2de2c96e6af670ffcc9c6c,2
0xe57827c8408aad926e76571a795b0abc9cd927db,2
0xe597c89d5f3da6ae8d25ffaa3a88797c032ea8bc,2
0xe599c4274f2d048f676c74a5988efd40999d9625,2
0xe5d18ae7b7c5fde86ba9bda1bcda294bd278c51e,2
0xe6025d61aa6d8f8e801872a1c6e1f5332e0b1724,2
0xe6394c637f94130c7bff7733e93746675a9fcc9c,2
0xe6555e37a51ed29fc095f2b5ff8b4df62d27bf10,2
0xe655ce812031f5554a82e8b43f2dece4646cf28f,2
0xe65ef515adc3fd724c326adf8212b4284fd10137,6
0xe66404714d293be5bfed0fa530b7f865323c8b5b,2
0xe667027b2523441f7274796430fc899d8b3fa6ad,2
0xe6927d106ff2ab7c79fcf2ee31bbecbaedc9ece6,2
0xe710c9fb5974e1c575a074e118563427c0846c5e,2
0xe727861c0f8e571b4313c8915876f91efb63ae05,2
0xe730d12649210bf12ea627b192e0248e94edd5b9,2
0xe736727e6061565ee3fa058728b45d28bbdaaf6b,2
0xe74469302b3e117ca22bc46f72932a10431ac1d4,2
0xe763287cf9034eb7e262c7abd27afc8c89116cd9,2
0xe77ef5f9233148d150d2d65dabe913fc64cd4a35,8
0xe7a52f7ef84e428e5d1e364766bbb2a496d8a0b4,2
0xe7b41d7f6ed8587c36ee13b5a192de8573d2a044,16
0xe7bf2b2a89bc3e3f4ef0f97eccc4baeadf9f622c,2
0xe7c1940120ef6aecc9ea25b16ad25885fef967b6,2
0xe85380ae850c4898c934286f9de1244b49f6246a,2
0xe87643586a2927ee1f88424c45d2f82e29d45a11,2
0xe89a1c9029f3094b21ffecfa8af3f724d1c7b877,2
0xe8afad3ae50bf9d83e0b9f016c4fcb6edd0f7a0f,2
0xe94867c400c3c72a81dfa05a59af3bd4f7488e88,2
0xe94fc14ba038a5cef4fb926dbe599f69e14107b5,2
0xe95ad0ec86e3d1ed6544c3d0cbfcd66dbd81355f,2
0xe962587325d6f8f682f93b335483789362917dce,2
0xe977315fb1650192359c56a8efd90b17ff7cc6f5,2
0xe9c35c72e82f8f2d5f6fbf92b79fffb3482021fe,2
0xe9cc7aa1300cd8677606a1b54474c4366036ee06,2
0xea04facc44417e0c03a61967293fe392a7f29cce,2
0xea56ca28c2f91f47a2d13d0f0fae5a496605c01a,2
0xead010c2d0f789883f8bea2e2298d7186d0a2030,2
0xead21833a7c137d525e127916832a529c41dfebb,2
0xeaedcd2ff12563f8effeb62bbf23082e23980d41,2
0xeafb25cf3ca2e26e2ffbb825f2f50b10f7f32605,2
0xeb04952af9a5605db5ea84ead6bbac65ec7dc64f,2
0xeb54211b9ac59c04b39c6572013f77e417375c4e,2
0xeb6448453ba9422074611f8d9443c57fc8edd623,2
0xeb7f3833d81558b3facd0c40b5b2fc0a18770542,2
0xebd8cb306ac616b0dc592fd316e8943485dec13b,4
0xebe01d1898b97644cacc9cf7913291515a5ae968,2
0xec1eb7efc5b675b5d997b85c77a690f36288af62,2
0xec5da4d9a79a9c01f9f482d84570b548e38a2f44,2
0xec6c41fb43a8e04cf12551649a42b2aadf683e97,2
0xec7065fb417be0b374db57c174f4b56dd2fcea41,2
0xeca7bd8fe1f5f0d139ee3ed55989b0f0c2af4151,2
0xecabc7d022f7e3dd4d334dc012bf61e80789d3e7,2
0xecc8bc691a104887a9f71b2c926c2619c07431e7,2
0xecfc60c11d2855ef76ab5afdc33b6b37d4a000f8,2
0xed7aba2eea8a930791873620019ed49eb23a9f97,2
0xed937a015c832b3c067e28c68fd980100175e6e9,2
0xeda55aefeeca132446a75270e505f7b3231df48e,2
0xedacc663c23ba31398550e17b1ccf47cd9da1888,2
0xedccdaf7bd5afc585911700772e1155a3191d9d4,2
0xedff8d513e617083b7e3da1cd597985e72ff746b,2
0xee01548cdc6c0c324dbfe37d0910295bcf82afac,2
0xee11ed7693c656b2f2aa779ee05432bad1ddcb43,2
0xee2778597a1cb1c3d1b493c9370f57818c35ee9a,4
0xee3011e65d29aca9fc40d0737de9cdacf1ea7b70,2
0xee312acd2a73cdb645ca056f4bc621a4c325d62c,4
0xee355f5a154fe3d3727999520963a3276bf9a2b3,4
0xee41487bbf4202cdcf65b712fe9d2f7a7bb507b8,2
0xee5dc5d672d9c902b0b360315ff0e1a729f52a41,2
0xee6c1281f71fcdaa2c9b03ae55ef860506d6480d,2
0xeec64291a11bd3be4ca6e75a2c86e611a1e9c1aa,2
0xeeeaf6b508264bc11c64741f5a3c5820800187ae,2
0xef8f1598b8cd46692e1be62f1223efc2cd16b8a3,2
0xefa3e650f4c6ee786725842ec26d42213423c1f9,2
0xeff9b702ae0f6f89cb0b3cfeab7c459520096e60,2
0xf03b438dc216b41dac3e6befdb5e879f01a61941,2
0xf081b55f8d42b77f780d74d2c97c4af5edcdc647,2
0xf097ab883dbfb864671ed7251af91f9d07914155,2
0xf0a0d2e66f77dee462623f67b1f097dcb05de1db,2
0xf0e064b8cbac0c747bc2f7ddfd858729864e34cb,2
0xf0f2154b505b01dca01e0cfe301fdced67ec8de0,2
0xf1302eb5e825092abf3393f90a26d2a7663c4ca5,2
0xf14bd22049dcbf405beb43b12bcbb7223615812c,2
0xf177ad33d5485e22d5495befd7feb5b705e6b20f,2
0xf1ac38b5e788f89fba58a34236c2ab0dea3f0327,2
0xf1afd190f76e415b4716c899ecffc4b80020b788,2
0xf1c3789d6805c81ac8074fd351687259e7302568,2
0xf1c5a45d05480cfe638167b38b917adafe904f72,2
0xf1c89b23a3e85a59eb1f86a8e71765ed781a054e,2
0xf20bde2fcaa5dee57edc0e00a82b46a0559621b9,2
0xf220eeff98e0c03f5776932fcfa0385a922343fd,2
0xf23b45a630724ccba2aea077b743f9e43465852e,2
0xf23ba9608877f68a21fc1805e7ee35674b3bf7f3,2
0xf241a52b958ab8e3cdd9f97dc7e98f659273bf23,2
0xf2839a8d800570eafabc815804df26cc96ba2920,2
0xf2f88da963f8c6ac57aef00b42f6043d02ce7be2,2
0xf324d18329479026fd1d8d7bddc9885129915aad,2
0xf34ede05f15d0ebd6270a923fb1018e48d6ba94f,2
0xf38965ff32f62b27a9b50e9b96e2a78cc9350feb,2
0xf3d8a6d4c723df4f0bc12f55a8d91536dac88eeb,2
0xf3e3cf9a4aebb6ad0f8d34610101f4604dd5e910,2
0xf3f5bf51dfe1772e601c417a4a43cd7d2ca343ee,2
0xf41cbbab175b22f0b9017ac4088e2d5f04b5c669,2
0xf460b475db46c89afff56d081f5fa80547de9204,2
0xf4660663d5927165dc4912ba8fd3ecd592d954c6,2
0xf49f953f69bd7ac9e1d1a3404193c64a5adc3367,2
0xf4c9ab0d1232bd7fa6211cafbbb7471a053a3a59,2
0xf4fc0a424ad449beac357b666d9677a2318d6550,2
0xf508f805920655b88c8147714bf174f1455c2452,2
0xf518e070e9de485bf36dd781163b319363255d65,2
0xf51a718e2875815ad569b74ebd94ddbe124ccf67,2
0xf522ce5819ca0a9b922c1262e7b8542d14f0001a,2
0xf52fea813fc0c2e58c39b5b889af3c426b4ed6aa,2
0xf531c7a28a3492390d4c47dba6775fa76349dcff,2
0xf54c375a7b6aae83fe5788dc707c3d03273ee871,4
0xf5a2741198c7ef4dc8b8b7f0d2154a8bce91c824,2
0xf5cc9be6def200a6e2b94102815901058c189cc9,2
0xf5d1bc6e4d753fdecf83fbe443ec2796239a85ef,2
0xf5e5e67b41e3f0f2ee43766b9144ae1882073783,2
0xf604d5ab7ed07173e3a7402b0f48796a9c8358cf,2
0xf623aa48133be41bb15f50b619b4488eee397f6a,2
0xf636fb7054a7d39c2e96712e8ef85af3b6e452ed,2
0xf67dd2fe0a9c4357159f6164012a1b4464b4d630,2
0xf68899449f66825165a4057d2d0c1c90786046cf,2
0xf696f248ece1ae3d8a83eaaca9027e257551eaba,2
0xf69c8ca6f961414fd329ce2d219f6a7c7a47718f,2
0xf6c60c95a368abbfd5779abaaa51d97d4cbb02f2,2
0xf6c71f09f42aaf1afbabc9e3ce1a59a4c3faf1b7,8
0xf6dda42814ae51ce2029043bc11346b485a9bbfe,2
0xf6e30719e3473b722e01819e320f47c6a429e40e,2
0xf6ef8e6c5abda630336e410339ead77149772df2,2
0xf70cc4ac72fb4ecfe6f8a581990433f73c61c7be,2
0xf71d4c1fd3f8e1d3845ae96f338135237340d6be,2
0xf7391c9d2dd5c1e8db88238facbb6f91f257b7dc,2
0xf78871916cfa6f1887fb5e75563c541413ea0b95,2
0xf7f4b363212c8abe9f358b3492c2749edaa24235,2
0xf7fa8f94dfecd99f7c4d0cfa35d2003d7ac3f72b,2
0xf80007004fc8229449234fcfac43fb92068277dc,2
0xf81a14d766027913cc9932c34de3aa5b50c835a3,2
0xf878cb1d544caa9dd13ddcc02ef212aa4f49d4c9,2
0xf8a3f62862ebd8097f726f1f61b599f131303dba,2
0xf8d6c81fc7e1706682e46d27808dedd09c6bdabd,2
0xf9074600618b7f1c2ddefce8f38da11d4ac6567d,2
0xf91261d1980770cd684d160aeae8cf081032c53b,2
0xf91b557340e65003cedacae0be9ce2ae0148d58a,2
0xf9710fb00218de70b3221e2abcdf418edbe3367d,2
0xf9d8b7a4581ef05f117a7653465700004eafa38f,2
0xf9f099861bb06e1170d2813c29b4f6ea00a7323e,2
0xfa10a843a773059d386a97384d22f1eb18c2b767,2
0xfa10abc4f444405784e90b50a7601851f5030f89,2
0xfa3dd1e62b956315d17f49edba498090106cf416,2
0xfa74b81c9116d179c279b6c255b8dcf4d8caf036,2
0xfa7e87d73f54fd2253ce01adef6e415d9c12dab0,2
0xfa958f63756a1934f0f9ae358a77caf0c87ee738,2
0xfadaa1e74c83f92413c5cdc0a4ce309d37f9ad8a,2
0xfb05695ba80742f3ab70c1b4d6a5eaabe7f31573,2
0xfb60d608ccc81d6bbc69bd9455e4815cef7f9e04,2
0xfb72a1d982b0d65bbf325a4fee7cf54976792ffb,2
0xfb784f18ec0387baba727ef1df6a470fcc02e6a7,2
0xfbaee65f1786283b6f2a4fb79140b119fbf69308,2
0xfbd4c17c3e468f67c3d48ceaf65255e884dd298c,2
0xfc02ea90e8b55672067606ccc0db4d6fe3413db6,2
0xfc3780bdaeb4c6188449fd767afd0da9554018d4,2
0xfc5fc2bedea05dbb485a2bd4e319b207b1dc2d40,2
0xfc68ec73c28f553696cfa5cbb67e2d9d6cb90a9e,2
0xfca88e2d9d6a654de03b404548aeff145ffefb23,2
0xfcce322a8ff9c3d43c8f81f711b5d58d08c6fc11,2
0xfce2c79fd35f653d92eec7954f2a4fa0f979ab1b,2
0xfd0dd9c644cfb57d1c4a6eeaeafa7509f5a8daea,2
0xfd1fc507de787a199c27450af7c7005d9e75e1a3,2
0xfd615e0be2388285c629c776670e23204de0acfb,2
0xfd82d84f35375cca611efc88b04fe1889877daa3,2
0xfda20554437709371ed32294e435e745d1a7fe92,2
0xfdf7757b7d533181a6872ad98d11306d71954e88,2
0xfe0e1f1917999e38be696ddcc0215a1dbe056932,2
0xfe354c7521da9302a9a002d0717323c3bf28e992,2
0xfe7c1efe3c44f23dbaeab5c88a1a6dd74b2fb057,2
0xfea1f20f1cdc0a7f7cee8173fbbfa5259d068219,2
0xfea28fdd0a49d098ed3a0631f1ec01c050b70e5a,2
0xfea941817545eafa1529fbb9806e6539e4b01021,2
0xff12faf1b14b3bd54268f9d23d243f36b2cc8a94,2
0xff94d62afbf25136dd040fd2d46a30e83df7b590,2
0xffd93569b883e25ee87fa515c77bf4f327d069f0,2
0xffe6ac56f095304cef1a1fd8260f3dfc338ab8b8,2